shot,config,HybridSN-small OA,Spectral Gated QNN OA,Delta OA,HybridSN-small Macro-F1,Spectral Gated QNN Macro-F1,Delta Macro-F1,runs
1.0,q4_l1_scalar,41.491175887368634,44.39619274241522,2.905016855046588,37.74882776745056,40.4982359235939,2.7494081561433403,5.0
5.0,q6_l1_classwise,72.01915403032721,71.9972067039106,-0.0219473264166047,63.80526208226654,64.0462082491195,0.2409461668529622,5.0
10.0,q6_l1_classwise,80.12265004523978,80.88871016386851,0.7660601186287308,71.53315253298541,71.8131225305173,0.2799699975318925,5.0
