shot,config,HybridSN-small OA,Spectral Gated QNN OA,Delta OA,HybridSN-small Macro-F1,Spectral Gated QNN Macro-F1,Delta Macro-F1,runs
1.0,q4_l1_scalar,41.491175887368634,44.39619274241522,2.905016855046588,37.74882776745056,40.4982359235939,2.7494081561433403,5.0
5.0,q6_l2_classwise_5shot,72.01915403032721,71.68395849960096,-0.3351955307262511,63.80526208226654,64.40247691282146,0.5972148305549152,5.0
10.0,q6_l1_classwise,80.12265004523978,80.88871016386851,0.7660601186287308,71.53315253298541,71.8131225305173,0.2799699975318925,5.0
