{
  "dataset_id": "indian_pines",
  "model": "random_forest",
  "OA": 0.6329268292682927,
  "AA": 0.4735971423498265,
  "Kappa": 0.568056253139126,
  "Macro-F1": 0.474563456999558,
  "Weighted-F1": 0.5920990811102125
}