class_id,class_name,precision,recall,f1,support
0,Alfalfa,1.0,0.02702702702702703,0.05263157894736842,37
1,Corn-notill,0.5071225071225072,0.46760070052539404,0.4865603644646925,1142
2,Corn-mintill,0.7361563517915309,0.34036144578313254,0.4654994850669413,664
3,Corn,0.75,0.031746031746031744,0.06091370558375635,189
4,Grass-pasture,0.9193548387096774,0.4418604651162791,0.5968586387434555,387
5,Grass-trees,0.6861042183622829,0.946917808219178,0.7956834532374101,584
6,Grass-pasture-mowed,0.0,0.0,0.0,22
7,Hay-windrowed,0.8351648351648352,0.9947643979057592,0.9080047789725209,382
8,Oats,0.0,0.0,0.0,16
9,Soybean-notill,0.5656934306569343,0.39845758354755784,0.4675716440422323,778
10,Soybean-mintill,0.5376515634971283,0.8575063613231552,0.6609139046871936,1965
11,Soybean-clean,0.5675675675675675,0.17684210526315788,0.2696629213483146,475
12,Wheat,0.8256410256410256,0.9817073170731707,0.8969359331476323,164
13,Woods,0.7888446215139442,0.9782608695652174,0.8734009704455227,1012
14,Buildings-Grass-Trees-Drives,0.6410256410256411,0.08116883116883117,0.1440922190201729,308
15,Stone-Steel-Towers,0.9846153846153847,0.8533333333333334,0.9142857142857143,75
