{
  "dataset_id": "salinas",
  "model": "cnn3d",
  "OA": 0.8888093478662479,
  "AA": 0.8971567140712947,
  "Kappa": 0.8757641577543439,
  "Macro-F1": 0.9080755879578668,
  "Weighted-F1": 0.8871474153748635,
  "training_time_seconds": 95.04181909561157,
  "device": "cpu"
}