{
  "dataset": "salinas",
  "model": "hybridsn_small_spectral_qnn_gated_fusion_supcon",
  "model_short": "spectral_qnn_gated_supcon",
  "shot": 10,
  "seed": 0,
  "loss_mode": "supcon",
  "metric_weight": 0.2,
  "temperature": 0.2,
  "num_classes": 16,
  "pca_fit_scope": "full_image_unsupervised",
  "pca_evr_sum": 0.9982954859733582,
  "patch_size": 19,
  "pca_bands": 30,
  "best_epoch": 13,
  "train_loss": 0.28831580877304075,
  "val_loss": 0.24038464352488517,
  "test_loss": 0.34430355439837496,
  "train_time_seconds": 25.51732897758484,
  "test_time_seconds": 93.60054302215576,
  "trainable_parameters": 2176,
  "feature_path": "result/supcon_cross_dataset_pavia_salinas_20260525_183521/features/salinas_shot10_seed0_features.npz",
  "checkpoint": "result/supcon_cross_dataset_pavia_salinas_20260525_183521/checkpoints/salinas_spectral_gated_qnn_supcon_shot10_seed0.pt",
  "OA": 0.8608597074838782,
  "AA": 0.9343854605689841,
  "Kappa": 0.8444617904371882,
  "Macro-F1": 0.930041179097209,
  "Weighted-F1": 0.853752225602723
}