class_id,class_name,precision,recall,f1,support
0,Alfalfa,0.0,0.0,0.0,37
1,Corn-notill,0.689922480620155,0.7014010507880911,0.6956144159791576,1142
2,Corn-mintill,0.7045045045045045,0.588855421686747,0.6415094339622641,664
3,Corn,0.9491525423728814,0.5925925925925926,0.7296416938110749,189
4,Grass-pasture,0.9163346613545816,0.5943152454780362,0.7210031347962382,387
5,Grass-trees,0.6882793017456359,0.9452054794520548,0.7965367965367965,584
6,Grass-pasture-mowed,0.0,0.0,0.0,22
7,Hay-windrowed,0.8941176470588236,0.9947643979057592,0.9417596034696406,382
8,Oats,0.0,0.0,0.0,16
9,Soybean-notill,0.6296743063932448,0.6709511568123393,0.6496577473553204,778
10,Soybean-mintill,0.7433751743375174,0.8137404580152672,0.7769679300291545,1965
11,Soybean-clean,0.48484848484848486,0.3705263157894737,0.4200477326968974,475
12,Wheat,0.8837209302325582,0.4634146341463415,0.608,164
13,Woods,0.8727598566308243,0.9624505928853755,0.9154135338345865,1012
14,Buildings-Grass-Trees-Drives,0.6718146718146718,0.564935064935065,0.6137566137566137,308
15,Stone-Steel-Towers,0.96,0.96,0.96,75
