model,selected_by,best_seed,best_val_macro_f1,best_val_oa,best_val_aa,OA,AA,Kappa,Macro-F1,Weighted-F1
spectral_qnn_fusion,validation_Macro-F1 within model,1,0.9793025385552839,0.9882926829268293,0.991020329147807,0.9891463414634146,0.962174484001365,0.9876236110500837,0.9741488844853956,0.9890610187884317
embedding_linear,validation_Macro-F1 within model,0,0.9790263631686676,0.9892682926829268,0.9920796511817054,0.9879268292682927,0.9557672812384763,0.9862339722773432,0.9674781546877336,0.9878105602436694
spectral_mlp_fusion,validation_Macro-F1 within model,2,0.9796912460549607,0.9892682926829268,0.9920796511817054,0.9881707317073171,0.9530796856035751,0.9865099869090566,0.9666854214918963,0.9880034880172717
spectral_gated_qnn_fusion,validation_Macro-F1 within model,2,0.9792383805646346,0.9882926829268293,0.9914353212847982,0.9881707317073171,0.9528084150869329,0.9865106302389917,0.9649878577643365,0.988006166932436
embedding_mlp,validation_Macro-F1 within model,1,0.9950778442703239,0.9921951219512195,0.995168762533532,0.9871951219512195,0.953914791991408,0.9854017620734422,0.9631173257922198,0.9870968557531785
