{
  "dataset": "pavia_university",
  "model": "spectral_qnn_multiproto",
  "shot": 10,
  "seed": 1,
  "num_classes": 9,
  "pca_fit_scope": "full_image_unsupervised",
  "pca_evr_sum": 0.9996427893638611,
  "patch_size": 19,
  "pca_bands": 30,
  "best_epoch": 23,
  "train_loss": 0.1418982555468877,
  "val_loss": 0.4094282931751675,
  "test_loss": 0.540428753545899,
  "train_time_seconds": 56.554813861846924,
  "test_time_seconds": 67.95374393463135,
  "trainable_parameters": 1455,
  "feature_path": "result/qnn_multiproto2_minibatch_salinas_pavia_10shot_20260527_113147/features/pavia_university_shot10_seed1_features.npz",
  "checkpoint": "result/qnn_multiproto2_minibatch_salinas_pavia_10shot_20260527_113147/checkpoints/pavia_university_spectral_qnn_multiproto_shot10_seed1_checkpoint.pt",
  "OA": 0.8558550098600808,
  "AA": 0.8884520188462306,
  "Kappa": 0.8147126130259288,
  "Macro-F1": 0.8545201874382552,
  "Weighted-F1": 0.8603646828586214
}