{
  "dataset": "pavia_university",
  "model": "spectral_qnn_multiproto",
  "shot": 10,
  "seed": 3,
  "num_classes": 9,
  "pca_fit_scope": "full_image_unsupervised",
  "pca_evr_sum": 0.9996427893638611,
  "patch_size": 19,
  "pca_bands": 30,
  "best_epoch": 8,
  "train_loss": 0.5119898544417487,
  "val_loss": 0.6025755087534587,
  "test_loss": 0.7687206079796655,
  "train_time_seconds": 30.676981687545776,
  "test_time_seconds": 67.54982089996338,
  "trainable_parameters": 1455,
  "feature_path": "result/qnn_multiproto2_minibatch_salinas_pavia_10shot_20260527_113147/features/pavia_university_shot10_seed3_features.npz",
  "checkpoint": "result/qnn_multiproto2_minibatch_salinas_pavia_10shot_20260527_113147/checkpoints/pavia_university_spectral_qnn_multiproto_shot10_seed3_checkpoint.pt",
  "OA": 0.8618180110808527,
  "AA": 0.898721967085782,
  "Kappa": 0.822658711309312,
  "Macro-F1": 0.8737044981689804,
  "Weighted-F1": 0.8655043315008474
}