{
  "dataset": "pavia_university",
  "model": "spectral_qnn_multiproto",
  "shot": 10,
  "seed": 2,
  "num_classes": 9,
  "pca_fit_scope": "full_image_unsupervised",
  "pca_evr_sum": 0.9996427893638611,
  "patch_size": 19,
  "pca_bands": 30,
  "best_epoch": 12,
  "train_loss": 0.1842130359676149,
  "val_loss": 0.45274917946921456,
  "test_loss": 0.6198914074340285,
  "train_time_seconds": 37.769094705581665,
  "test_time_seconds": 67.97959399223328,
  "trainable_parameters": 1455,
  "feature_path": "result/qnn_multiproto2_minibatch_salinas_pavia_10shot_20260527_113147/features/pavia_university_shot10_seed2_features.npz",
  "checkpoint": "result/qnn_multiproto2_minibatch_salinas_pavia_10shot_20260527_113147/checkpoints/pavia_university_spectral_qnn_multiproto_shot10_seed2_checkpoint.pt",
  "OA": 0.8662080946567753,
  "AA": 0.9283237522677772,
  "Kappa": 0.8305579185113461,
  "Macro-F1": 0.8808314458915115,
  "Weighted-F1": 0.8771983778414539
}