{
  "dataset": "pavia_university",
  "model": "spectral_qnn_multiproto",
  "shot": 10,
  "seed": 0,
  "num_classes": 9,
  "pca_fit_scope": "full_image_unsupervised",
  "pca_evr_sum": 0.9996427893638611,
  "patch_size": 19,
  "pca_bands": 30,
  "best_epoch": 9,
  "train_loss": 0.3056722978750865,
  "val_loss": 0.5161436160405477,
  "test_loss": 0.532599510838923,
  "train_time_seconds": 32.53491520881653,
  "test_time_seconds": 67.89358401298523,
  "trainable_parameters": 1455,
  "feature_path": "result/qnn_multiproto2_minibatch_salinas_pavia_10shot_20260527_113147/features/pavia_university_shot10_seed0_features.npz",
  "checkpoint": "result/qnn_multiproto2_minibatch_salinas_pavia_10shot_20260527_113147/checkpoints/pavia_university_spectral_qnn_multiproto_shot10_seed0_checkpoint.pt",
  "OA": 0.9061883744952578,
  "AA": 0.8987166121404196,
  "Kappa": 0.8773434571027889,
  "Macro-F1": 0.8762268609951387,
  "Weighted-F1": 0.9065061401438947
}