{
  "dataset": "pavia_university",
  "model": "spectral_qnn_multiproto",
  "shot": 10,
  "seed": 4,
  "num_classes": 9,
  "pca_fit_scope": "full_image_unsupervised",
  "pca_evr_sum": 0.9996427893638611,
  "patch_size": 19,
  "pca_bands": 30,
  "best_epoch": 10,
  "train_loss": 0.2571331113576889,
  "val_loss": 0.5337154361936781,
  "test_loss": 0.6970342559561011,
  "train_time_seconds": 34.07660436630249,
  "test_time_seconds": 67.94339513778687,
  "trainable_parameters": 1455,
  "feature_path": "result/qnn_multiproto2_minibatch_salinas_pavia_10shot_20260527_113147/features/pavia_university_shot10_seed4_features.npz",
  "checkpoint": "result/qnn_multiproto2_minibatch_salinas_pavia_10shot_20260527_113147/checkpoints/pavia_university_spectral_qnn_multiproto_shot10_seed4_checkpoint.pt",
  "OA": 0.8253122358906939,
  "AA": 0.8593257445007533,
  "Kappa": 0.7782661584656683,
  "Macro-F1": 0.8206264442834713,
  "Weighted-F1": 0.836813193625056
}