{
  "dataset": "salinas",
  "model": "spectral_qnn_multiproto",
  "shot": 10,
  "seed": 0,
  "num_classes": 16,
  "pca_fit_scope": "full_image_unsupervised",
  "pca_evr_sum": 0.9982954859733582,
  "patch_size": 19,
  "pca_bands": 30,
  "best_epoch": 9,
  "train_loss": 0.3496227741241455,
  "val_loss": 0.32772326618433,
  "test_loss": 0.4234376971314323,
  "train_time_seconds": 98.92905592918396,
  "test_time_seconds": 98.5433988571167,
  "trainable_parameters": 2176,
  "feature_path": "result/qnn_multiproto2_minibatch_salinas_pavia_10shot_20260527_113147/features/salinas_shot10_seed0_features.npz",
  "checkpoint": "result/qnn_multiproto2_minibatch_salinas_pavia_10shot_20260527_113147/checkpoints/salinas_spectral_qnn_multiproto_shot10_seed0_checkpoint.pt",
  "OA": 0.8482224163244066,
  "AA": 0.929668782303408,
  "Kappa": 0.8298917042971607,
  "Macro-F1": 0.9213675932578216,
  "Weighted-F1": 0.8295428941844268
}