{
  "dataset": "salinas",
  "model": "spectral_qnn_multiproto",
  "shot": 10,
  "seed": 1,
  "num_classes": 16,
  "pca_fit_scope": "full_image_unsupervised",
  "pca_evr_sum": 0.9982954859733582,
  "patch_size": 19,
  "pca_bands": 30,
  "best_epoch": 16,
  "train_loss": 0.13952818959951402,
  "val_loss": 0.16542482674121856,
  "test_loss": 0.2662912532593032,
  "train_time_seconds": 128.75811409950256,
  "test_time_seconds": 93.7717981338501,
  "trainable_parameters": 2176,
  "feature_path": "result/qnn_multiproto2_minibatch_salinas_pavia_10shot_20260527_113147/features/salinas_shot10_seed1_features.npz",
  "checkpoint": "result/qnn_multiproto2_minibatch_salinas_pavia_10shot_20260527_113147/checkpoints/salinas_spectral_qnn_multiproto_shot10_seed1_checkpoint.pt",
  "OA": 0.9308294151535988,
  "AA": 0.9738876534602507,
  "Kappa": 0.9233058912886024,
  "Macro-F1": 0.9672179216809881,
  "Weighted-F1": 0.9313997423072298
}