{
  "dataset": "salinas",
  "model": "spectral_qnn_multiproto",
  "shot": 10,
  "seed": 4,
  "num_classes": 16,
  "pca_fit_scope": "full_image_unsupervised",
  "pca_evr_sum": 0.9982954859733582,
  "patch_size": 19,
  "pca_bands": 30,
  "best_epoch": 5,
  "train_loss": 0.9161836802959442,
  "val_loss": 0.783603647351265,
  "test_loss": 0.8400632504266272,
  "train_time_seconds": 66.0171000957489,
  "test_time_seconds": 85.52324604988098,
  "trainable_parameters": 2176,
  "feature_path": "result/qnn_multiproto2_minibatch_salinas_pavia_10shot_20260527_113147/features/salinas_shot10_seed4_features.npz",
  "checkpoint": "result/qnn_multiproto2_minibatch_salinas_pavia_10shot_20260527_113147/checkpoints/salinas_spectral_qnn_multiproto_shot10_seed4_checkpoint.pt",
  "OA": 0.8794253749372781,
  "AA": 0.9431734548316939,
  "Kappa": 0.8654246845297914,
  "Macro-F1": 0.9368353417799857,
  "Weighted-F1": 0.8761365400721759
}