{
  "dataset": "salinas",
  "model": "spectral_qnn_multiproto",
  "shot": 10,
  "seed": 3,
  "num_classes": 16,
  "pca_fit_scope": "full_image_unsupervised",
  "pca_evr_sum": 0.9982954859733582,
  "patch_size": 19,
  "pca_bands": 30,
  "best_epoch": 10,
  "train_loss": 0.21836905926465988,
  "val_loss": 0.24651944115757943,
  "test_loss": 0.3291712186103633,
  "train_time_seconds": 89.82155179977417,
  "test_time_seconds": 87.06523513793945,
  "trainable_parameters": 2176,
  "feature_path": "result/qnn_multiproto2_minibatch_salinas_pavia_10shot_20260527_113147/features/salinas_shot10_seed3_features.npz",
  "checkpoint": "result/qnn_multiproto2_minibatch_salinas_pavia_10shot_20260527_113147/checkpoints/salinas_spectral_qnn_multiproto_shot10_seed3_checkpoint.pt",
  "OA": 0.9503800479473694,
  "AA": 0.9727567058831219,
  "Kappa": 0.9448050162942573,
  "Macro-F1": 0.9668220716509845,
  "Weighted-F1": 0.9508145444466632
}