{
  "dataset": "salinas",
  "model": "spectral_qnn_multiproto",
  "shot": 10,
  "seed": 2,
  "num_classes": 16,
  "pca_fit_scope": "full_image_unsupervised",
  "pca_evr_sum": 0.9982954859733582,
  "patch_size": 19,
  "pca_bands": 30,
  "best_epoch": 18,
  "train_loss": 0.10262848362326622,
  "val_loss": 0.14494562856853008,
  "test_loss": 0.24489422471633301,
  "train_time_seconds": 140.58667302131653,
  "test_time_seconds": 96.98047828674316,
  "trainable_parameters": 2176,
  "feature_path": "result/qnn_multiproto2_minibatch_salinas_pavia_10shot_20260527_113147/features/salinas_shot10_seed2_features.npz",
  "checkpoint": "result/qnn_multiproto2_minibatch_salinas_pavia_10shot_20260527_113147/checkpoints/salinas_spectral_qnn_multiproto_shot10_seed2_checkpoint.pt",
  "OA": 0.9243063428051069,
  "AA": 0.956879163651916,
  "Kappa": 0.915603626164866,
  "Macro-F1": 0.9545317721853079,
  "Weighted-F1": 0.9231716917186414
}