{
  "dataset": "pavia_university",
  "model": "hybridsn_small_spectral_qnn_gated_fusion_supcon",
  "model_short": "spectral_qnn_gated_supcon",
  "shot": 10,
  "seed": 0,
  "loss_mode": "supcon",
  "metric_weight": 0.2,
  "temperature": 0.2,
  "num_classes": 9,
  "pca_fit_scope": "full_image_unsupervised",
  "pca_evr_sum": 0.9996427893638611,
  "patch_size": 19,
  "pca_bands": 30,
  "best_epoch": 11,
  "train_loss": 0.3357215152846442,
  "val_loss": 0.4039610266685486,
  "test_loss": 0.4819266549751046,
  "train_time_seconds": 11.181553840637207,
  "test_time_seconds": 67.82183003425598,
  "trainable_parameters": 1455,
  "feature_path": "result/supcon_cross_dataset_pavia_salinas_20260525_183521/features/pavia_university_shot10_seed0_features.npz",
  "checkpoint": "result/supcon_cross_dataset_pavia_salinas_20260525_183521/checkpoints/pavia_university_spectral_gated_qnn_supcon_shot10_seed0.pt",
  "OA": 0.9035120668607381,
  "AA": 0.9051284184933951,
  "Kappa": 0.8738486345918208,
  "Macro-F1": 0.8700537377498355,
  "Weighted-F1": 0.9041164513652736
}