{
  "dataset_id": "salinas",
  "model": "knn",
  "OA": 0.8742148531313505,
  "AA": 0.9285764125208817,
  "Kappa": 0.8598360049282163,
  "Macro-F1": 0.9277324357510119,
  "Weighted-F1": 0.8727996138616932
}