dataset,model,shot,seed,OA,AA,Kappa,Macro-F1,Weighted-F1,best_epoch,train_time_seconds,test_time_seconds,trainable_parameters,train_size,validation_size,test_size
pavia_university,spectral_qnn_gated_prototype,10,0,0.9062118508780167,0.8987334191455795,0.8773738367359111,0.8762511554747529,0.906530278804318,9,39.29106593132019,78.28440189361572,1455,90,90,42596
pavia_university,spectral_qnn_gated_prototype,10,1,0.8563245375152596,0.8889366950074246,0.815301669454348,0.8550362708990947,0.8607859214775949,23,64.5032548904419,77.05545711517334,1455,90,90,42596
pavia_university,spectral_qnn_gated_prototype,10,2,0.8662315710395342,0.9283297166840696,0.8305862722007085,0.8808482033701287,0.8772300186679097,12,54.07158303260803,77.95597887039185,1455,90,90,42596
