{
  "dataset_id": "indian_pines",
  "model": "cnn1d",
  "OA": 0.13975609756097562,
  "AA": 0.10571636466291597,
  "Kappa": 0.02290337740646753,
  "Macro-F1": 0.020305702051497374,
  "Weighted-F1": 0.039864540580031756,
  "training_time_seconds": 1.5920162200927734,
  "device": "cpu"
}