{
  "dataset": "indian_pines",
  "model": "hybridsn_small_spectral_qnn_gated_fusion",
  "shot": 10,
  "seed": 2,
  "pca_fit_scope": "full_image_unsupervised",
  "pca_evr_sum": 0.9598935842514038,
  "patch_size": 19,
  "pca_bands": 30,
  "best_epoch": 15,
  "test_loss": 0.616650986333786,
  "train_time_seconds": 11.806209087371826,
  "test_time_seconds": 12.688331127166748,
  "trainable_parameters": 2000,
  "OA": 0.8357293656378808,
  "AA": 0.8966870667204649,
  "Kappa": 0.814348398539144,
  "Macro-F1": 0.7335903827736809,
  "Weighted-F1": 0.8463301328464575
}