{
  "dataset_id": "pavia_university",
  "model": "svm_rbf",
  "OA": 0.9422009233826194,
  "AA": 0.9208370152080495,
  "Kappa": 0.9230354657505511,
  "Macro-F1": 0.9284784091757644,
  "Weighted-F1": 0.9417765116204294
}