{
  "dataset": "indian_pines",
  "model": "hybridsn_small_spectral_qnn_gated_fusion_supcon",
  "shot": 5,
  "seed": 0,
  "loss_mode": "supcon",
  "metric_weight": 0.2,
  "temperature": 0.2,
  "pca_evr_sum": 0.9598935842514038,
  "best_epoch": 2,
  "test_loss": 2.4294153705940946,
  "train_time_seconds": 1.3377478122711182,
  "test_time_seconds": 17.553935050964355,
  "trainable_parameters": 2176,
  "OA": 0.2841181165203512,
  "AA": 0.3801387925062342,
  "Kappa": 0.21345576480445516,
  "Macro-F1": 0.20618564245677135,
  "Weighted-F1": 0.26805534657874586
}