{
  "dataset_id": "indian_pines",
  "model": "svm_rbf",
  "OA": 0.6607317073170732,
  "AA": 0.561136198351059,
  "Kappa": 0.6120131560133701,
  "Macro-F1": 0.575650828523283,
  "Weighted-F1": 0.6553958593842388
}