{
  "dataset": "salinas",
  "model": "cnn3d",
  "shot": 10,
  "seed": 2,
  "OA": 0.13261722016762995,
  "AA": 0.17249141112991667,
  "Kappa": 0.09648380745167762,
  "Macro-F1": 0.07702868079000996,
  "Weighted-F1": 0.07730951435106682,
  "best_epoch": 11,
  "train_time_seconds": 23.498236179351807,
  "test_time_seconds": 51.70155191421509,
  "trainable_parameters": 4016,
  "train_size": 160,
  "validation_size": 160,
  "test_size": 53809,
  "pca_evr_sum": 0.9982954859733582,
  "pca_fit_scope": "full_image_unsupervised",
  "patch_size": 19,
  "pca_bands": 30
}