{
  "dataset": "salinas",
  "model": "hybridsn_small_spectral_qnn_gated_fusion_prototype",
  "shot": 10,
  "seed": 2,
  "loss_mode": "prototype",
  "metric_weight": 0.2,
  "temperature": 0.2,
  "pca_evr_sum": 0.9982954859733582,
  "best_epoch": 22,
  "test_loss": 0.21432443743029173,
  "train_time_seconds": 137.55338788032532,
  "test_time_seconds": 84.2548680305481,
  "trainable_parameters": 2176,
  "OA": 0.9283019569217046,
  "AA": 0.9589659241036358,
  "Kappa": 0.9200968747315511,
  "Macro-F1": 0.9562931555953078,
  "Weighted-F1": 0.9276001553932479
}