{
  "dataset": "indian_pines",
  "model": "hybridsn_small_spectral_qnn_gated_fusion",
  "shot": 10,
  "seed": 0,
  "pca_fit_scope": "full_image_unsupervised",
  "pca_evr_sum": 0.9598935842514038,
  "patch_size": 19,
  "pca_bands": 30,
  "best_epoch": 10,
  "test_loss": 0.8401625255004621,
  "train_time_seconds": 9.173623085021973,
  "test_time_seconds": 12.382703065872192,
  "trainable_parameters": 1055,
  "OA": 0.7795315170403136,
  "AA": 0.8756652335893165,
  "Kappa": 0.7531342847929553,
  "Macro-F1": 0.6872186245206529,
  "Weighted-F1": 0.7912649291147035
}