dataset_id,family,model,learning_rate,OA,AA,Kappa,Macro-F1,Weighted-F1,training_time_seconds,device,hidden_dim,dropout,bottleneck_dim,activation,C,gamma,validation_Macro-F1
indian_pines,mlp,mlp_h256_d0.0_lr0.003,0.003,0.8404878048780487,0.7719065684573655,0.8172576419856803,0.7854943076329604,0.8376895501588736,0.5487060546875,cpu,256.0,0.0,,,,,
indian_pines,bottleneck,bottleneck_b32_relu_lr0.01,0.01,0.8159756097560975,0.7551738054312565,0.7903302773429309,0.7567555868859362,0.814030164312075,0.423414945602417,cpu,,,32.0,relu,,,
indian_pines,linear,linear_lr0.01,0.01,0.8004878048780488,0.7062559352367467,0.7693564597873954,0.7333334748725702,0.794266059534071,0.32013535499572754,cpu,,,,,,,
indian_pines,svm_rbf,svm_C10_gammascale,,0.6840243902439025,0.5612900101837002,0.6347898028483412,0.5836442560088925,0.6706932251098382,0.4441678524017334,cpu,,,,,10.0,scale,0.5623926209092736
