{
  "dataset_id": "pavia_university",
  "model": "knn",
  "OA": 0.8593302553912687,
  "AA": 0.8284891692601095,
  "Kappa": 0.8095387179229228,
  "Macro-F1": 0.8396446938178765,
  "Weighted-F1": 0.854569716494379
}