{
  "dataset": "salinas",
  "model": "hybridsn_small_spectral_qnn_gated_fusion_supcon",
  "model_short": "spectral_qnn_gated_supcon",
  "shot": 5,
  "seed": 3,
  "loss_mode": "supcon",
  "metric_weight": 0.2,
  "temperature": 0.2,
  "num_classes": 16,
  "pca_fit_scope": "full_image_unsupervised",
  "pca_evr_sum": 0.9982954859733582,
  "patch_size": 19,
  "pca_bands": 30,
  "best_epoch": 34,
  "train_loss": 0.20440839529037474,
  "val_loss": 0.17167246229946614,
  "test_loss": 0.3282105294932014,
  "train_time_seconds": 30.65546703338623,
  "test_time_seconds": 97.02478122711182,
  "trainable_parameters": 2176,
  "feature_path": "result/supcon_cross_dataset_pavia_salinas_20260525_183521/features/salinas_shot5_seed3_features.npz",
  "checkpoint": "result/supcon_cross_dataset_pavia_salinas_20260525_183521/checkpoints/salinas_spectral_gated_qnn_supcon_shot5_seed3.pt",
  "OA": 0.8328230251071648,
  "AA": 0.9254780653073036,
  "Kappa": 0.8140116872556775,
  "Macro-F1": 0.923558632234546,
  "Weighted-F1": 0.8340286151492275
}