{
  "dataset": "indian_pines",
  "model": "hybridsn_small_spectral_qnn_gated_fusion",
  "shot": 5,
  "seed": 3,
  "pca_fit_scope": "full_image_unsupervised",
  "pca_evr_sum": 0.9598935842514038,
  "patch_size": 19,
  "pca_bands": 30,
  "best_epoch": 55,
  "test_loss": 1.2080248747458004,
  "train_time_seconds": 24.960864067077637,
  "test_time_seconds": 15.820065975189209,
  "trainable_parameters": 2100,
  "OA": 0.7115921787709497,
  "AA": 0.8283959034829138,
  "Kappa": 0.6779152864965525,
  "Macro-F1": 0.6486609302570822,
  "Weighted-F1": 0.7345576154666393
}