{
  "dataset": "indian_pines",
  "model": "hybridsn_small_spectral_qnn_gated_fusion",
  "shot": 5,
  "seed": 2,
  "pca_fit_scope": "full_image_unsupervised",
  "pca_evr_sum": 0.9598935842514038,
  "patch_size": 19,
  "pca_bands": 30,
  "best_epoch": 56,
  "test_loss": 1.2015214917760606,
  "train_time_seconds": 24.589245080947876,
  "test_time_seconds": 15.86729907989502,
  "trainable_parameters": 2100,
  "OA": 0.6932362330407024,
  "AA": 0.8087640896131826,
  "Kappa": 0.6552763295092066,
  "Macro-F1": 0.6052219034460014,
  "Weighted-F1": 0.690069790931894
}