{
  "dataset_id": "salinas",
  "model": "random_forest",
  "OA": 0.89966284869758,
  "AA": 0.9371955948333894,
  "Kappa": 0.8878709841801028,
  "Macro-F1": 0.9397436461179245,
  "Weighted-F1": 0.89566288306577
}