{
  "B2": 0.27902692556381226,
  "B3": 0.27883219718933105,
  "B4": 0.27930310368537903,
  "B8": 0.27904045581817627
}