{
  "B2": 0.41065526008605957,
  "B3": 0.40975281596183777,
  "B4": 0.40985190868377686,
  "B8": 0.4091155230998993
}