band,mean,std,min,max,norm_mean,norm_std
B2,0.4106552586858925,0.27902691664045776,-0.009111002087593079,0.9004250168800354,0.41065526,0.27902693
B3,0.40975280875109094,0.27883219646908614,-0.006288027856498957,0.8987734317779541,0.40975282,0.2788322
B4,0.40985190125779053,0.27930311318848006,-0.0025335948448628187,0.9084898233413696,0.4098519,0.2793031
B8,0.4091155105710641,0.2790404465147563,-0.005881148390471935,0.9017252922058105,0.40911552,0.27904046
