{
  "dataset": "salinas",
  "model": "hybridsn_small_spectral_qnn_gated_fusion_supcon",
  "model_short": "spectral_qnn_gated_supcon",
  "shot": 5,
  "seed": 1,
  "loss_mode": "supcon",
  "metric_weight": 0.2,
  "temperature": 0.2,
  "num_classes": 16,
  "pca_fit_scope": "full_image_unsupervised",
  "pca_evr_sum": 0.9982954859733582,
  "patch_size": 19,
  "pca_bands": 30,
  "best_epoch": 14,
  "train_loss": 0.49213131666183474,
  "val_loss": 0.4317970871925354,
  "test_loss": 0.517473248342391,
  "train_time_seconds": 16.656791925430298,
  "test_time_seconds": 96.46848392486572,
  "trainable_parameters": 2176,
  "feature_path": "result/supcon_cross_dataset_pavia_salinas_20260525_183521/features/salinas_shot5_seed1_features.npz",
  "checkpoint": "result/supcon_cross_dataset_pavia_salinas_20260525_183521/checkpoints/salinas_spectral_gated_qnn_supcon_shot5_seed1.pt",
  "OA": 0.8155282154057414,
  "AA": 0.9112576708850446,
  "Kappa": 0.7947417341464929,
  "Macro-F1": 0.9051924176461716,
  "Weighted-F1": 0.8163117337556022
}