dataset,model,shot,seed,OA,AA,Kappa,Macro-F1,Weighted-F1,best_epoch,train_time_seconds,test_time_seconds,trainable_parameters,train_size,validation_size,test_size
indian_pines,hybridsn_small_spectral_qnn_gated_fusion_proto_loss,5,0,0.7321428571428571,0.8339330322118603,0.7007317652537602,0.6656739977325936,0.7473202864081167,21,51.71920394897461,17.91514778137207,2176,80,145,10024
indian_pines,hybridsn_small_spectral_qnn_gated_fusion_proto_loss,5,1,0.714584996009577,0.820759357422584,0.6810173999099867,0.6301996055401855,0.7146592677663006,11,36.194035053253174,19.175132989883423,2176,80,145,10024
indian_pines,hybridsn_small_spectral_qnn_gated_fusion_proto_loss,5,2,0.6999201915403033,0.8148154762911395,0.6625366165920843,0.6155562801753705,0.6956723518753716,30,63.812626123428345,17.475828886032104,2176,80,145,10024
indian_pines,hybridsn_small_spectral_qnn_gated_fusion_proto_loss,5,3,0.7135873902633679,0.830099478059079,0.6801235237049501,0.6516667289028997,0.7364358022662044,30,63.9247670173645,17.479187965393066,2176,80,145,10024
indian_pines,hybridsn_small_spectral_qnn_gated_fusion_proto_loss,5,4,0.74231843575419,0.8264147741534351,0.7096083050883993,0.6429593353074223,0.7476797373793637,18,46.35304617881775,18.13578486442566,2176,80,145,10024
