{
  "dataset": "indian_pines",
  "model": "hybridsn_small_spectral_qnn_gated_fusion_proto_loss",
  "shot": 5,
  "seed": 1,
  "prototype_weight": 0.2,
  "prototype_temperature": 0.2,
  "pca_evr_sum": 0.9598935842514038,
  "best_epoch": 11,
  "test_loss": 1.3473022918841977,
  "train_time_seconds": 36.194035053253174,
  "test_time_seconds": 19.175132989883423,
  "trainable_parameters": 2176,
  "OA": 0.714584996009577,
  "AA": 0.820759357422584,
  "Kappa": 0.6810173999099867,
  "Macro-F1": 0.6301996055401855,
  "Weighted-F1": 0.7146592677663006
}