{
  "dataset": "salinas",
  "model": "hybridsn_small_spectral_qnn_gated_fusion_supcon",
  "model_short": "spectral_qnn_gated_supcon",
  "shot": 10,
  "seed": 4,
  "loss_mode": "supcon",
  "metric_weight": 0.2,
  "temperature": 0.2,
  "num_classes": 16,
  "pca_fit_scope": "full_image_unsupervised",
  "pca_evr_sum": 0.9982954859733582,
  "patch_size": 19,
  "pca_bands": 30,
  "best_epoch": 17,
  "train_loss": 0.20069032311439514,
  "val_loss": 0.14494030755013226,
  "test_loss": 0.23629351422899184,
  "train_time_seconds": 29.344326972961426,
  "test_time_seconds": 96.37161898612976,
  "trainable_parameters": 2176,
  "feature_path": "result/supcon_cross_dataset_pavia_salinas_20260525_183521/features/salinas_shot10_seed4_features.npz",
  "checkpoint": "result/supcon_cross_dataset_pavia_salinas_20260525_183521/checkpoints/salinas_spectral_gated_qnn_supcon_shot10_seed4.pt",
  "OA": 0.9415711126391496,
  "AA": 0.9751096775211123,
  "Kappa": 0.9351377114748106,
  "Macro-F1": 0.9686916147585507,
  "Weighted-F1": 0.9421908542725415
}