{
  "dataset_id": "salinas",
  "model": "svm_rbf",
  "OA": 0.9207694439312766,
  "AA": 0.9561075279269516,
  "Kappa": 0.9115637362673521,
  "Macro-F1": 0.9579363099440623,
  "Weighted-F1": 0.9188596398684565
}