{
  "0": 379.8827344924614,
  "1": 224.70059041543277,
  "2": 256.87507025810044,
  "3": 281.7866093713801,
  "4": 348.096307364645,
  "5": 417.17366403628745,
  "6": 473.75585348171313,
  "7": 497.636866364215,
  "8": 539.6554268241608,
  "9": 547.056472114452,
  "10": 592.9684707252958,
  "11": 649.9191694610442,
  "12": 756.9029751498483,
  "13": 632.6874031356583,
  "14": 638.3641267337474,
  "15": 670.2079793526682,
  "16": 785.5403290583171,
  "17": 862.6271193205257,
  "18": 836.8942498901125,
  "19": 884.5843811352491,
  "20": 902.3809152663097,
  "21": 926.663849613175,
  "22": 938.0346098142423,
  "23": 944.708581003769,
  "24": 978.9890028180727,
  "25": 1004.6847318690471,
  "26": 1005.9346521815725,
  "27": 1068.8276436585816,
  "28": 1084.6055782180972,
  "29": 971.6612174550157,
  "30": 924.3030747295777,
  "31": 957.1805842100138,
  "32": 931.7367628340486,
  "33": 859.7824320266617,
  "34": 669.5987392648652,
  "35": 437.82394465613004,
  "36": 531.9721710962954,
  "37": 737.8819722637314,
  "38": 819.7183847009926,
  "39": 665.6294422014898,
  "40": 895.1800835685258,
  "41": 919.0661229058444,
  "42": 864.8145977593368,
  "43": 848.3223615287056,
  "44": 773.8604197591303,
  "45": 701.1907761604214,
  "46": 737.869935800723,
  "47": 797.9692378753657,
  "48": 784.3814290457441,
  "49": 779.3339021242673,
  "50": 764.4743208124584,
  "51": 761.1831609094519,
  "52": 734.0919539800683,
  "53": 603.9235672825578,
  "54": 590.8671810500146,
  "55": 588.1625700872739,
  "56": 633.2029864662973,
  "57": 181.55477670358243,
  "58": 196.8243330523746,
  "59": 212.87921283796194,
  "60": 474.4329196475178,
  "61": 498.7657013086935,
  "62": 472.4165081447023,
  "63": 498.99836610089403,
  "64": 497.41907384576035,
  "65": 505.3714770929404,
  "66": 508.12015190293585,
  "67": 515.4455185931341,
  "68": 516.7083296216971,
  "69": 518.4424751831962,
  "70": 515.4820360322243,
  "71": 509.1525578043685,
  "72": 504.1060899138465,
  "73": 520.6184146959245,
  "74": 580.7413772867279,
  "75": 213.21931382700905,
  "76": 91.17863445788221,
  "77": 66.81717265193889,
  "78": 92.39664554755771,
  "79": 78.38911637049246,
  "80": 131.13374587689026,
  "81": 188.1935536984589,
  "82": 198.9332569013349,
  "83": 198.33025662119576,
  "84": 216.6911104434242,
  "85": 208.83133514149665,
  "86": 240.5406467152077,
  "87": 296.65728509255433,
  "88": 348.7327446519877,
  "89": 340.10339602183313,
  "90": 253.57300975216822,
  "91": 184.16820791197247,
  "92": 189.65713521457033,
  "93": 216.5009322232628,
  "94": 182.3620389235708,
  "95": 199.60000534555263,
  "96": 200.1694568509636,
  "97": 187.54054700530523,
  "98": 166.7712524425064,
  "99": 154.05410766751456,
  "100": 115.07199975837264,
  "101": 83.02479006788506,
  "102": 15.446456466091009,
  "103": 10.392331840826106,
  "104": 10.12758982668862,
  "105": 10.10594158735811,
  "106": 8.909655396215825,
  "107": 8.489996576454153,
  "108": 10.329744456910845,
  "109": 18.553588293923607,
  "110": 30.424833441771472,
  "111": 38.16881088407152,
  "112": 83.62364845212655,
  "113": 117.8890323245751,
  "114": 86.5502415247999,
  "115": 122.41905453175991,
  "116": 207.00806131804438,
  "117": 281.7219836216178,
  "118": 326.1876167854374,
  "119": 354.2537958899277,
  "120": 364.09852736744335,
  "121": 365.6624068342479,
  "122": 359.71680697367873,
  "123": 346.3085166105371,
  "124": 309.7019014803311,
  "125": 305.8641398289321,
  "126": 309.71941267161515,
  "127": 292.3014067506605,
  "128": 285.480868337731,
  "129": 294.7009458241261,
  "130": 290.4078784703034,
  "131": 273.27761500644385,
  "132": 266.88388629220043,
  "133": 265.4269628247607,
  "134": 255.53231305493554,
  "135": 251.8148930235521,
  "136": 245.70404729541556,
  "137": 238.28801337316236,
  "138": 230.28131875447016,
  "139": 223.9285069344121,
  "140": 209.4365580162827,
  "141": 198.00879764848273,
  "142": 194.189593867364,
  "143": 183.54766420801062,
  "144": 154.7721816096212,
  "145": 117.36648455451068,
  "146": 82.82738832713198,
  "147": 38.427880904116904,
  "148": 12.199937968121558,
  "149": 8.239270395285072,
  "150": 8.040962287955141,
  "151": 9.499542689085237,
  "152": 9.851037161622223,
  "153": 10.184973730845208,
  "154": 12.8046002875176,
  "155": 12.723855207731459,
  "156": 11.747504014641608,
  "157": 6.455623682816668,
  "158": 5.9477159593443245,
  "159": 6.457496910836757,
  "160": 6.201767059339571,
  "161": 6.244104454231801,
  "162": 7.045886264034269,
  "163": 11.100408291110961,
  "164": 17.025208992776438,
  "165": 42.75468394190526,
  "166": 90.5996987227474,
  "167": 124.54956121912419,
  "168": 101.5523203285139,
  "169": 39.26001997859467,
  "170": 40.78834367003107,
  "171": 88.20812480499859,
  "172": 135.71517249962932,
  "173": 129.02450031510517,
  "174": 98.82381710590774,
  "175": 96.60501037515186,
  "176": 114.63253903516659,
  "177": 137.7644774117188,
  "178": 143.95550452913227,
  "179": 145.01362426277703,
  "180": 142.2306708663134,
  "181": 140.6821722146435,
  "182": 140.3359697013989,
  "183": 136.34808216786382,
  "184": 127.01072598607851,
  "185": 122.10608063214687,
  "186": 119.42956456243387,
  "187": 116.9528808624859,
  "188": 111.62550720510474,
  "189": 108.34647246052273,
  "190": 112.75818597235258,
  "191": 114.0331353948444,
  "192": 109.5794697090694,
  "193": 104.68225189070601,
  "194": 97.71435041093764,
  "195": 95.70476012373956,
  "196": 92.96913962211512,
  "197": 91.14351589748397,
  "198": 85.90419317020444,
  "199": 85.777723455944,
  "200": 85.0584809240158,
  "201": 77.9636657775084,
  "202": 78.02140603017098,
  "203": 68.90760869075781,
  "204": 64.04535492555358,
  "205": 64.2814310968924,
  "206": 54.64573392645686,
  "207": 49.301244342864045,
  "208": 50.93599582532623,
  "209": 50.13593807661633,
  "210": 39.23884208156882,
  "211": 39.010802556420124,
  "212": 42.122503759542475,
  "213": 34.52574532614083,
  "214": 26.73264356400679,
  "215": 30.062327728083293,
  "216": 21.036158439148398,
  "217": 11.466547480825062,
  "218": 7.03314451208213,
  "219": 7.079956365902889
}