{
  "0": 2956.772758317885,
  "1": 4152.540052688067,
  "2": 4355.228510098546,
  "3": 4257.8805737145085,
  "4": 4630.174260903503,
  "5": 4930.2747585130255,
  "6": 5010.645038540345,
  "7": 4887.460044882428,
  "8": 4859.06917748073,
  "9": 4633.178358864279,
  "10": 4626.047419260416,
  "11": 4549.769636062055,
  "12": 4387.027514879501,
  "13": 4629.564933164211,
  "14": 4698.8805737145085,
  "15": 4686.8460337593915,
  "16": 4543.1796272807105,
  "17": 4354.259830227339,
  "18": 4292.529417504146,
  "19": 4179.393404234559,
  "20": 4164.683774026735,
  "21": 4162.0335642501705,
  "22": 4105.961069372622,
  "23": 4027.8112010927894,
  "24": 4036.3560347350963,
  "25": 3952.2917357791002,
  "26": 3837.8131525026834,
  "27": 3903.137964679481,
  "28": 3887.5387842716364,
  "29": 3629.4136988974533,
  "30": 3870.2735876670895,
  "31": 3594.2090935701044,
  "32": 3875.2741730900575,
  "33": 4268.6234754610205,
  "34": 4367.727095326373,
  "35": 4505.517904185775,
  "36": 5272.537906137184,
  "37": 5821.833349595083,
  "38": 5770.14899014538,
  "39": 4000.6059127719777,
  "40": 5899.716850424432,
  "41": 6013.5120499560935,
  "42": 5768.327934432627,
  "43": 5705.838032978827,
  "44": 5307.955898136403,
  "45": 4867.978729632159,
  "46": 5164.809249682896,
  "47": 5579.238462289004,
  "48": 5505.354961459655,
  "49": 5515.636452336813,
  "50": 5450.708752073373,
  "51": 5484.484632647088,
  "52": 5378.598302273393,
  "53": 4436.679968777442,
  "54": 4227.774709727778,
  "55": 4123.579471167919,
  "56": 3530.137867108986,
  "57": 2293.8808664259927,
  "58": 2446.1773831593327,
  "59": 2674.661527953947,
  "60": 3174.3267635866914,
  "61": 3944.7574397502194,
  "62": 4463.805834715582,
  "63": 4745.551858717924,
  "64": 4649.646502097766,
  "65": 4668.005171236218,
  "66": 4610.149868279832,
  "67": 4589.047419260416,
  "68": 4544.138647672944,
  "69": 4506.497024099912,
  "70": 4366.832764172114,
  "71": 4283.261781637233,
  "72": 4196.753927212411,
  "73": 3999.5105863986732,
  "74": 3275.6992877353887,
  "75": 2887.64513611084,
  "76": 1776.2188506195725,
  "77": 1610.4034539955117,
  "78": 1884.64825836667,
  "79": 1795.0795199531663,
  "80": 2311.7546102058736,
  "81": 2889.072494877549,
  "82": 2976.1037174358476,
  "83": 2965.244023807201,
  "84": 3003.7334374085276,
  "85": 2987.773343740853,
  "86": 3024.1845058054446,
  "87": 3014.875304907796,
  "88": 3013.650795199532,
  "89": 3000.6413308615474,
  "90": 3027.8625231729925,
  "91": 2851.480437115816,
  "92": 2913.36403551566,
  "93": 2999.4618011513317,
  "94": 2852.2335837642695,
  "95": 2983.7651478192993,
  "96": 2975.962532930042,
  "97": 2832.610791296712,
  "98": 2536.4497999804857,
  "99": 2314.897941262562,
  "100": 1870.7743194457996,
  "101": 1570.5565421016684,
  "102": 1093.415943018831,
  "103": 1030.9335544931214,
  "104": 1028.7793931115232,
  "105": 1030.798516928481,
  "106": 1026.120694701922,
  "107": 1027.8461313298858,
  "108": 1039.4017952971021,
  "109": 1063.6819201873354,
  "110": 1092.7799785344912,
  "111": 1112.746219143331,
  "112": 1220.4529222363158,
  "113": 1301.4919504341888,
  "114": 1233.8642794418968,
  "115": 1326.3825739096496,
  "116": 1556.1706507951994,
  "117": 1766.1076202556346,
  "118": 1915.4507756854327,
  "119": 2025.909064298956,
  "120": 2083.9352131915307,
  "121": 2119.9015513708655,
  "122": 2133.712069470192,
  "123": 2125.2975900087813,
  "124": 2027.8867206556738,
  "125": 2041.545028783296,
  "126": 2078.2458776465996,
  "127": 2042.7371450873256,
  "128": 2036.586203532052,
  "129": 2089.3673529124794,
  "130": 2089.265782027515,
  "131": 2036.9795101961167,
  "132": 2018.6993853058834,
  "133": 2015.8418382281197,
  "134": 1978.1151331837252,
  "135": 1960.5063908674017,
  "136": 1923.085081471363,
  "137": 1882.4248219338472,
  "138": 1835.5469801931895,
  "139": 1800.8070055615183,
  "140": 1733.2957361693823,
  "141": 1684.5179041857741,
  "142": 1654.2636354766319,
  "143": 1604.6123524246268,
  "144": 1505.3402283149576,
  "145": 1376.8059322860768,
  "146": 1269.9303346667969,
  "147": 1125.61137671968,
  "148": 1043.6385013172016,
  "149": 1016.8247633915504,
  "150": 1011.8275929358962,
  "151": 1011.2282173870622,
  "152": 1010.3986730412723,
  "153": 1009.0063420821543,
  "154": 1013.9678017367548,
  "155": 1012.8747194848278,
  "156": 1011.5661040101473,
  "157": 1006.3829641916285,
  "158": 1004.3270562981754,
  "159": 1004.6110840081959,
  "160": 1006.2076300126841,
  "161": 1006.6560640062445,
  "162": 1010.601522099717,
  "163": 1022.9518001756269,
  "164": 1035.24734120402,
  "165": 1086.3336910918138,
  "166": 1181.4094057956875,
  "167": 1248.3694994633622,
  "168": 1203.7558786223046,
  "169": 1082.2595375158553,
  "170": 1086.1477217289491,
  "171": 1186.0681042052884,
  "172": 1285.364425797639,
  "173": 1275.4071616743097,
  "174": 1209.8773538881842,
  "175": 1208.806127427066,
  "176": 1248.7694409210656,
  "177": 1300.7316811396233,
  "178": 1315.469118938433,
  "179": 1322.4641428432042,
  "180": 1320.2100692750512,
  "181": 1319.1933847204605,
  "182": 1319.8592057761732,
  "183": 1312.8653527173383,
  "184": 1293.6316713825738,
  "185": 1285.0429310176603,
  "186": 1282.4304810225387,
  "187": 1277.8526685530296,
  "188": 1269.515464923407,
  "189": 1262.2698799882914,
  "190": 1275.864474582886,
  "191": 1275.236218167626,
  "192": 1263.1500634208217,
  "193": 1248.9272124109668,
  "194": 1230.744365303932,
  "195": 1219.9301395258074,
  "196": 1210.1707483656942,
  "197": 1204.899209678993,
  "198": 1190.1761147429017,
  "199": 1188.6358669138453,
  "200": 1183.5856181090837,
  "201": 1169.2727095326372,
  "202": 1168.4621914333106,
  "203": 1145.4747780271246,
  "204": 1133.1475265879599,
  "205": 1135.433798419358,
  "206": 1114.3565225875695,
  "207": 1103.4157478778418,
  "208": 1104.7405600546394,
  "209": 1102.8047614401405,
  "210": 1080.169577519758,
  "211": 1078.4421894819006,
  "212": 1083.1450873255928,
  "213": 1066.0058542296808,
  "214": 1052.5008293492049,
  "215": 1057.1819689725826,
  "216": 1039.6725534198458,
  "217": 1020.2492926139136,
  "218": 1010.3652063615963,
  "219": 1008.5174163333008
}