{
  "0": 492.1412420707268,
  "1": 522.6586166859979,
  "2": 555.3661830446786,
  "3": 597.1688496135168,
  "4": 633.4056240380282,
  "5": 660.0945488038742,
  "6": 685.5650284478764,
  "7": 705.8727715716796,
  "8": 726.7397721573183,
  "9": 751.654686233841,
  "10": 775.7242347954746,
  "11": 789.0751410141772,
  "12": 805.6836430884622,
  "13": 820.3991581287524,
  "14": 830.2631772360454,
  "15": 836.2673458108327,
  "16": 842.4598349706981,
  "17": 845.0299165743551,
  "18": 842.556345003578,
  "19": 838.6501555538107,
  "20": 832.2386953334868,
  "21": 823.5992595154217,
  "22": 811.7613736955055,
  "23": 799.3858833293177,
  "24": 791.3669725270202,
  "25": 786.221326850242,
  "26": 774.7302508251917,
  "27": 760.5456902641254,
  "28": 746.9159132270644,
  "29": 737.6071893041571,
  "30": 729.5982152282052,
  "31": 718.4071182870399,
  "32": 707.5074071866168,
  "33": 701.3191163936851,
  "34": 695.6169446634859,
  "35": 689.9879595597966,
  "36": 683.9186883760849,
  "37": 675.9206618230802,
  "38": 665.2717738472745,
  "39": 651.9440071487885,
  "40": 636.5739953577078,
  "41": 621.296116476236,
  "42": 608.7926623069083,
  "43": 599.3654244294424,
  "44": 593.2897426688894,
  "45": 589.5349656935517,
  "46": 586.0683994847309,
  "47": 582.5817235344521,
  "48": 580.5247980086663,
  "49": 575.6534834514374,
  "50": 574.6343424968362,
  "51": 576.613000915419,
  "52": 578.0398492796617,
  "53": 580.7126488051135,
  "54": 581.6282850326286,
  "55": 582.9104612173827,
  "56": 586.9583267138573,
  "57": 594.009274036948,
  "58": 600.5529140480369,
  "59": 604.3030721660259,
  "60": 608.6522535730871,
  "61": 612.7725010707345,
  "62": 613.810569344531,
  "63": 609.4342768130786,
  "64": 596.5744968911048,
  "65": 578.9487691404437,
  "66": 559.3618513563612,
  "67": 530.9924794243575,
  "68": 500.51076943470684,
  "69": 472.28835554599425,
  "70": 451.46102922050943,
  "71": 441.8141019687179,
  "72": 445.55185776378664,
  "73": 470.2199021498309,
  "74": 514.7515721479516,
  "75": 573.4777043697699,
  "76": 635.0108423065202,
  "77": 693.7510205004422,
  "78": 743.2024237960852,
  "79": 784.2352602797174,
  "80": 819.034927795406,
  "81": 844.0648294015155,
  "82": 846.7965378780427,
  "83": 815.1300660330282,
  "84": 820.2826450547753,
  "85": 847.8734027575625,
  "86": 864.3040237215247,
  "87": 867.80667155619,
  "88": 868.0253488621543,
  "89": 868.9570494458607,
  "90": 871.6621306035426,
  "91": 868.8314121352554,
  "92": 864.2431516011933,
  "93": 864.6574884183163,
  "94": 866.0367345778646,
  "95": 861.755084371354,
  "96": 851.6622963382822,
  "97": 839.0957173449098,
  "98": 832.3970505558696,
  "99": 832.9047124091179,
  "100": 832.8888584001188,
  "101": 839.1848333252908,
  "102": 849.0621031920562
}