{
  "0": 945.767205909856,
  "1": 873.4625490929493,
  "2": 828.1019029362259,
  "3": 846.1397512623902,
  "4": 873.2756452216196,
  "5": 880.8961099682065,
  "6": 883.0966429773705,
  "7": 877.5922479895269,
  "8": 877.5243126987095,
  "9": 886.9313867589302,
  "10": 898.7503272863288,
  "11": 895.4971479334206,
  "12": 897.9140639610997,
  "13": 905.6714980362821,
  "14": 913.7094164952309,
  "15": 917.8966710304844,
  "16": 928.3729661492425,
  "17": 940.2070319805498,
  "18": 951.9672713671217,
  "19": 966.5009117262016,
  "20": 982.8946605573219,
  "21": 1004.4992519169627,
  "22": 1027.254324855059,
  "23": 1050.6042640733122,
  "24": 1079.6560454460446,
  "25": 1112.0332195623714,
  "26": 1129.1351224985974,
  "27": 1137.5722367682813,
  "28": 1145.2595146811295,
  "29": 1159.1945015896765,
  "30": 1174.4587151673836,
  "31": 1180.949200486254,
  "32": 1182.4409481952496,
  "33": 1186.7686319431457,
  "34": 1187.8855900504957,
  "35": 1185.712058163456,
  "36": 1181.064265008416,
  "37": 1176.3782962408827,
  "38": 1171.6555545165513,
  "39": 1167.5906816906677,
  "40": 1163.447073125117,
  "41": 1158.3647372358332,
  "42": 1156.1972367682813,
  "43": 1156.5022910043015,
  "44": 1158.378787170376,
  "45": 1159.338460819151,
  "46": 1156.2897886665419,
  "47": 1151.6200439498784,
  "48": 1151.5093977931551,
  "49": 1147.639260332897,
  "50": 1152.0105666729007,
  "51": 1158.7124322049747,
  "52": 1158.836263325229,
  "53": 1157.1753787170376,
  "54": 1149.7684916775763,
  "55": 1142.6454086403592,
  "56": 1141.071465307649,
  "57": 1142.1606040770525,
  "58": 1139.9609594164951,
  "59": 1134.6975406770152,
  "60": 1135.3317982046008,
  "61": 1141.1381148307462,
  "62": 1148.042780998691,
  "63": 1157.2683514120067,
  "64": 1175.4298438376659,
  "65": 1212.007293809613,
  "66": 1266.6150411445672,
  "67": 1332.930919207032,
  "68": 1416.5371469983168,
  "69": 1501.2087151673836,
  "70": 1580.4920048625397,
  "71": 1656.2686786983354,
  "72": 1737.8062698709557,
  "73": 1826.961567233963,
  "74": 1914.7064007854872,
  "75": 2005.6082382644474,
  "76": 2080.961310080419,
  "77": 2146.5947493921826,
  "78": 2195.7260145876194,
  "79": 2235.5907518234526,
  "80": 2273.071699083598,
  "81": 2291.0288947073127,
  "82": 2280.31185711614,
  "83": 2265.993501028614,
  "84": 2295.004652141388,
  "85": 2316.018304656817,
  "86": 2324.1507153544044,
  "87": 2322.4193239199553,
  "88": 2321.8837665980923,
  "89": 2328.047035720965,
  "90": 2342.78759117262,
  "91": 2342.024382831494,
  "92": 2334.0530905180476,
  "93": 2339.1188516925376,
  "94": 2342.862843650645,
  "95": 2331.715307649149,
  "96": 2323.0735225360013,
  "97": 2323.171848700206,
  "98": 2317.2705489059285,
  "99": 2310.7082008602956,
  "100": 2304.3789040583506,
  "101": 2318.6624275294557,
  "102": 2335.26613054049
}