{
  "0": 359.97812632784644,
  "1": 462.3827892626873,
  "2": 661.9788653032571,
  "3": 1096.8205952446933,
  "4": 1379.6303460252361,
  "5": 1439.7902787784737,
  "6": 1373.7797114301022,
  "7": 1512.0867372388184,
  "8": 1715.2766354449557,
  "9": 1763.9965452899555,
  "10": 1747.1216353525836,
  "11": 1755.6519425816107,
  "12": 1674.020451144488,
  "13": 1711.0084612684514,
  "14": 1734.4272940567903,
  "15": 1718.1544643351992,
  "16": 1858.7204640765578,
  "17": 1953.448982985091,
  "18": 2007.7048162722385,
  "19": 2018.232795728722,
  "20": 1981.7245469157015,
  "21": 1951.0399970440983,
  "22": 1924.543017606089,
  "23": 1908.6721350847051,
  "24": 1927.1933529161818,
  "25": 1880.8120231299304,
  "26": 1843.6483216020988,
  "27": 1861.987585213102,
  "28": 1830.4808697740582,
  "29": 1770.0729183986402,
  "30": 1824.7181363040145,
  "31": 1815.5792643499788,
  "32": 1811.2596390105118,
  "33": 1804.8650630900256,
  "34": 1719.3392266622327,
  "35": 1804.3924144174102,
  "36": 2154.2010936836077,
  "37": 2428.185833841379,
  "38": 2454.0000554231556,
  "39": 3020.695985516082,
  "40": 3589.5490956788412,
  "41": 3833.311533558721,
  "42": 2347.2671396109295,
  "43": 3598.637384766022,
  "44": 3936.9744499251788,
  "45": 3830.1932051210997,
  "46": 3784.148866596464,
  "47": 3662.2365090801604,
  "48": 3123.8969314046076,
  "49": 3285.3077463097416,
  "50": 3558.0941639416947,
  "51": 3605.993884978477,
  "52": 3527.7733008184155,
  "53": 3497.4583494984204,
  "54": 3524.0558111178852,
  "55": 3469.244785604759,
  "56": 2933.3818285946536,
  "57": 2670.2743261467976,
  "58": 2491.028967836095,
  "59": 2555.7118180642537,
  "60": 1184.5328012710377,
  "61": 1246.5049603724435,
  "62": 1328.9232204548393,
  "63": 1704.8468473461546,
  "64": 2255.879177520368,
  "65": 2467.1317408413233,
  "66": 2723.041234827911,
  "67": 2725.523065270003,
  "68": 2730.8449629588576,
  "69": 2742.3803321694472,
  "70": 2734.5738883038666,
  "71": 2715.1530048587633,
  "72": 2682.9937556577806,
  "73": 2607.6257274289196,
  "74": 2530.6358144432743,
  "75": 2496.4151748600566,
  "76": 2377.0444124221767,
  "77": 2129.8122817713243,
  "78": 1792.0945703781706,
  "79": 894.3270705167286,
  "80": 517.6309187311792,
  "81": 698.5181510835226,
  "82": 683.9119510798279,
  "83": 924.0857211476288,
  "84": 1376.1740287091948,
  "85": 1521.0073712797207,
  "86": 1476.0248849969516,
  "87": 1556.0435810748397,
  "88": 1491.2853738291858,
  "89": 1557.424966284247,
  "90": 1627.51656228639,
  "91": 1681.2670287646179,
  "92": 1682.1970293188494,
  "93": 1633.4547285189085,
  "94": 1437.242069870125,
  "95": 1328.104010789041,
  "96": 1552.361691514715,
  "97": 1326.3119954183524,
  "98": 1436.4430527074212,
  "99": 1514.4941343826783,
  "100": 1467.9194147314747,
  "101": 1300.8607400838737,
  "102": 1111.6865266308264,
  "103": 915.8312919137616,
  "104": 666.4763066008978,
  "105": 351.09274141402943,
  "106": 27.95761976020248,
  "107": 5.4448631971771135,
  "108": 4.993848029706811,
  "109": 6.214062702063589,
  "110": 7.716806148275416,
  "111": 10.606236952465407,
  "112": 27.03565556356112,
  "113": 58.834303238559734,
  "114": 72.75297899462396,
  "115": 105.3974394502023,
  "116": 199.5461582515842,
  "117": 189.9320881597665,
  "118": 185.49380184374365,
  "119": 270.2735686970016,
  "120": 431.97539211882724,
  "121": 520.580465185021,
  "122": 604.6818710857397,
  "123": 656.8904653697648,
  "124": 683.5521993755658,
  "125": 701.1384655175599,
  "126": 706.6242864268692,
  "127": 690.0122115686601,
  "128": 638.5873561307247,
  "129": 672.4123113303405,
  "130": 681.5951153725359,
  "131": 648.3113857636387,
  "132": 669.4142511407933,
  "133": 692.9516155849914,
  "134": 676.784717988509,
  "135": 652.7693288255833,
  "136": 655.2741783517154,
  "137": 639.9436715993276,
  "138": 628.4471540209499,
  "139": 609.6015814073787,
  "140": 589.8777180439321,
  "141": 562.4877422453768,
  "142": 538.991353987696,
  "143": 503.21775757911655,
  "144": 467.70915775277575,
  "145": 443.6360361358976,
  "146": 429.800070202664,
  "147": 385.2229119326054,
  "148": 323.7067745570766,
  "149": 249.4359400690942,
  "150": 165.97398806554713,
  "151": 65.5738883038667,
  "152": 23.06284985867095,
  "153": 7.337046684771564,
  "154": 1.3019453527683866,
  "155": 0.9737478985386762,
  "156": 0.8997395111677658,
  "157": 1.3179072216372,
  "158": 1.1011657337102108,
  "159": 1.5655748304975152,
  "160": 2.1137098413050306,
  "161": 2.89164773042177,
  "162": 2.038205028727669,
  "163": 1.8914260377985923,
  "164": 4.137098413050306,
  "165": 7.970976740748951,
  "166": 21.627464021134696,
  "167": 37.61625006927895,
  "168": 59.45386022280108,
  "169": 158.47497644515877,
  "170": 255.58694969424891,
  "171": 277.6192244453066,
  "172": 121.4618411572355,
  "173": 72.66326737977793,
  "174": 149.06914962404625,
  "175": 311.8898926638216,
  "176": 352.0242199190822,
  "177": 263.69419350071126,
  "178": 233.95575384729074,
  "179": 260.682665484306,
  "180": 339.1271776681631,
  "181": 366.30301686711374,
  "182": 376.9394224907166,
  "183": 381.05246725415213,
  "184": 377.2182933362892,
  "185": 386.21938332501986,
  "186": 385.8052430305382,
  "187": 366.15027064974413,
  "188": 349.1358052060818,
  "189": 342.84838072013156,
  "190": 338.17694766206654,
  "191": 333.8862162611539,
  "192": 313.69572687468826,
  "193": 326.48918324742743,
  "194": 329.6021356389366,
  "195": 321.86013042916,
  "196": 307.2873321140239,
  "197": 290.614439579523,
  "198": 270.86774187588907,
  "199": 259.59729534999724,
  "200": 249.40261227807645,
  "201": 231.74594025383806,
  "202": 217.55279055589426,
  "203": 223.71610412163534,
  "204": 192.20970274714108,
  "205": 202.98716030224094,
  "206": 175.20898224611577,
  "207": 152.3715937852168,
  "208": 165.37430951985073,
  "209": 135.03868536274456,
  "210": 124.69288181935747,
  "211": 122.84147130004249,
  "212": 128.25594413345897,
  "213": 99.83535627851984,
  "214": 87.3981230024571,
  "215": 103.98137781965305,
  "216": 87.35962238356518,
  "217": 53.691440817306805,
  "218": 77.35007112638327,
  "219": 52.57113562046223,
  "220": 28.936374217147925,
  "221": 10.401392968648969,
  "222": 16.468916846791924,
  "223": 9.089120434517541
}