{
  "0": 64.83101157704606,
  "1": 83.40611375259759,
  "2": 104.78850203143104,
  "3": 168.8166595624243,
  "4": 224.19436017526158,
  "5": 257.4679882856639,
  "6": 269.4568035292254,
  "7": 326.57089103973414,
  "8": 400.5173589360243,
  "9": 443.2498622244517,
  "10": 469.1496379142517,
  "11": 502.259443467718,
  "12": 507.34113630430704,
  "13": 544.3152727856502,
  "14": 565.8942223362708,
  "15": 551.1673935850278,
  "16": 565.8381103444784,
  "17": 576.1080184764187,
  "18": 591.0605996687797,
  "19": 607.5230131330748,
  "20": 636.7336334634989,
  "21": 681.3664244796248,
  "22": 713.212767379039,
  "23": 733.8909752147526,
  "24": 765.3221313895383,
  "25": 777.3615333569784,
  "26": 782.4901341816643,
  "27": 805.3446321489952,
  "28": 820.9375247163972,
  "29": 819.3683961605093,
  "30": 872.1588237519802,
  "31": 877.7532528549486,
  "32": 859.34881534179,
  "33": 872.4910208961836,
  "34": 816.7147156112003,
  "35": 750.1335461872847,
  "36": 673.7774337463817,
  "37": 546.5474039172286,
  "38": 504.1238197127889,
  "39": 846.7059795128017,
  "40": 1281.280711487588,
  "41": 1533.9386992330135,
  "42": 963.471989480675,
  "43": 1490.26304051299,
  "44": 1615.8422133623365,
  "45": 1553.760160702686,
  "46": 1517.0510861944101,
  "47": 1445.5758910250536,
  "48": 1214.323532551094,
  "49": 1257.7246122259137,
  "50": 1348.420457738425,
  "51": 1351.540372365262,
  "52": 1309.1601840929557,
  "53": 1283.9824865830808,
  "54": 1279.7105945316405,
  "55": 1242.9845744583895,
  "56": 1034.4219336789522,
  "57": 926.4245448788228,
  "58": 849.9903195688839,
  "59": 854.1648609844771,
  "60": 375.7747644218659,
  "61": 375.9123311041136,
  "62": 374.20317798918364,
  "63": 456.5681490473646,
  "64": 597.0214815300097,
  "65": 648.1145375599921,
  "66": 717.6830445710258,
  "67": 724.2186992942727,
  "68": 735.2418594330493,
  "69": 751.0809329061467,
  "70": 762.5226927550383,
  "71": 768.5657429523471,
  "72": 767.7585081180517,
  "73": 749.4978711212481,
  "74": 725.848590718864,
  "75": 709.1056190760714,
  "76": 663.7680194017798,
  "77": 580.5041247752581,
  "78": 475.27906862584274,
  "79": 229.22212277376428,
  "80": 125.73685836420982,
  "81": 154.74627558203483,
  "82": 135.4039834444895,
  "83": 167.72381990136822,
  "84": 243.15237797747474,
  "85": 264.16147238106277,
  "86": 251.70930662687226,
  "87": 262.1851344566233,
  "88": 250.0001219615975,
  "89": 260.26209820284896,
  "90": 272.059725049506,
  "91": 281.42807216553297,
  "92": 281.7228923835123,
  "93": 273.42191938055714,
  "94": 239.21554874053683,
  "95": 217.99129857813872,
  "96": 254.28986277247927,
  "97": 215.02858476298275,
  "98": 229.82554289706616,
  "99": 238.62766241588,
  "100": 226.94968857124724,
  "101": 197.68313983222149,
  "102": 167.33152299849974,
  "103": 140.17042799495184,
  "104": 107.66867453878585,
  "105": 60.514763383619126,
  "106": 10.39085127940369,
  "107": 9.362367871744196,
  "108": 8.975638265533945,
  "109": 9.475179233814975,
  "110": 9.744757415908511,
  "111": 9.843673944465792,
  "112": 15.742748232380066,
  "113": 30.82198276350633,
  "114": 38.30295464740826,
  "115": 56.0128215510882,
  "116": 105.80320899078569,
  "117": 100.28476905638554,
  "118": 95.88290241464719,
  "119": 135.92500598840164,
  "120": 208.96270052178343,
  "121": 242.5222934647229,
  "122": 270.1267168575327,
  "123": 281.10299346143165,
  "124": 280.1188892561529,
  "125": 275.4810777222095,
  "126": 266.42685704152393,
  "127": 250.4959463949606,
  "128": 223.62904063047836,
  "129": 227.63587558928955,
  "130": 223.68117055254137,
  "131": 207.21360048313304,
  "132": 208.66551928525675,
  "133": 211.19134688784106,
  "134": 202.8453178034135,
  "135": 193.07384497377174,
  "136": 192.1984861690303,
  "137": 187.14211944276238,
  "138": 183.45637023717492,
  "139": 179.36075933034726,
  "140": 176.40939475893254,
  "141": 171.47791871855063,
  "142": 168.10671396217145,
  "143": 160.34139737013322,
  "144": 152.2106612350362,
  "145": 148.10895593017653,
  "146": 148.15630789606155,
  "147": 136.82558634488086,
  "148": 117.6691615922578,
  "149": 92.21530038674904,
  "150": 62.22451546219973,
  "151": 26.1341258018943,
  "152": 11.324007689673971,
  "153": 7.5838711313699365,
  "154": 6.523135306420861,
  "155": 6.699882653208929,
  "156": 3.4178884355170704,
  "157": 3.5006523556025004,
  "158": 3.8590703489749356,
  "159": 5.0361025342819605,
  "160": 8.873936852855264,
  "161": 9.82521935226231,
  "162": 10.726132464282205,
  "163": 10.800487807540716,
  "164": 10.895923943300282,
  "165": 12.020052128439826,
  "166": 18.683489652752353,
  "167": 28.916705431098706,
  "168": 43.36924282384524,
  "169": 111.174428526843,
  "170": 176.80474852519845,
  "171": 189.12284356756192,
  "172": 81.79200565170963,
  "173": 47.95265708854921,
  "174": 96.63868374982593,
  "175": 200.01599262484277,
  "176": 224.13939292758496,
  "177": 166.29474460284644,
  "178": 145.8227750266169,
  "179": 160.5372865260523,
  "180": 206.19735155841806,
  "181": 220.31328909359985,
  "182": 223.4521387003495,
  "183": 222.55463988918234,
  "184": 217.36565688104986,
  "185": 219.4310953646818,
  "186": 216.32023311184102,
  "187": 202.29143316893425,
  "188": 189.6912978042768,
  "189": 183.54236449692976,
  "190": 178.4772396041575,
  "191": 173.1595722839317,
  "192": 160.2853562205628,
  "193": 165.60192320339578,
  "194": 168.49252737542585,
  "195": 165.92476048538398,
  "196": 160.0056797406114,
  "197": 153.89266764696453,
  "198": 146.74620773575333,
  "199": 143.69444612439247,
  "200": 140.09551092810318,
  "201": 132.1112976509961,
  "202": 126.19033048771632,
  "203": 131.9022764813696,
  "204": 114.38690998959925,
  "205": 122.0336323798038,
  "206": 106.93205665984578,
  "207": 94.57305970199823,
  "208": 103.60571542436958,
  "209": 85.67044125188424,
  "210": 80.00238436877866,
  "211": 79.66992083594972,
  "212": 84.10403677157782,
  "213": 66.67073506797271,
  "214": 59.158318705075544,
  "215": 70.99205768150209,
  "216": 60.633583155566185,
  "217": 37.680327741163914,
  "218": 55.14157049702503,
  "219": 38.57285644280781,
  "220": 21.977899779454884,
  "221": 8.985092099987739,
  "222": 13.222562149646908,
  "223": 8.019450761473395
}