class_id,class_name,precision,recall,f1,support
0,Alfalfa,0.3684210526315789,0.1891891891891892,0.25,37
1,Corn-notill,0.8093896713615023,0.7548161120840631,0.7811508835523335,1142
2,Corn-mintill,0.7580372250423012,0.6746987951807228,0.7139442231075698,664
3,Corn,0.8415841584158416,0.8994708994708994,0.8695652173913043,189
4,Grass-pasture,0.8556701030927835,0.8578811369509044,0.8567741935483871,387
5,Grass-trees,0.9119086460032626,0.9571917808219178,0.934001670843776,584
6,Grass-pasture-mowed,0.0,0.0,0.0,22
7,Hay-windrowed,0.9378238341968912,0.9476439790575916,0.9427083333333334,382
8,Oats,1.0,0.125,0.2222222222222222,16
9,Soybean-notill,0.74726609963548,0.7904884318766067,0.7682698313554028,778
10,Soybean-mintill,0.804005722460658,0.8580152671755725,0.8301329394387001,1965
11,Soybean-clean,0.7380952380952381,0.6526315789473685,0.6927374301675978,475
12,Wheat,0.8333333333333334,0.8841463414634146,0.8579881656804734,164
13,Woods,0.9229287090558767,0.9466403162055336,0.9346341463414635,1012
14,Buildings-Grass-Trees-Drives,0.86,0.8376623376623377,0.8486842105263158,308
15,Stone-Steel-Towers,0.9240506329113924,0.9733333333333334,0.948051948051948,75
