{
  "dataset_id": "salinas",
  "model": "cnn1d",
  "OA": 0.6754803251431738,
  "AA": 0.5553198635791822,
  "Kappa": 0.6294629380609023,
  "Macro-F1": 0.5377574490592193,
  "Weighted-F1": 0.5908456025062185,
  "training_time_seconds": 11.949135065078735,
  "device": "cpu"
}