shot,seed,epoch,train_loss,train_ce_loss,train_proto_loss,train_accuracy,val_loss,val_OA,val_AA,val_Kappa,val_Macro-F1,val_Weighted-F1
5,0,1,2.6352709770202636,2.628736209869385,0.032673900574445726,0.0875,2.617808323893054,0.22758620689655173,0.2557291666666667,0.18029477084595213,0.17130781703362347,0.16387332191559112
5,0,2,2.3245965003967286,2.31833963394165,0.03128439337015152,0.4,2.3801689805655646,0.3103448275862069,0.375,0.26752879369569627,0.25756608422939065,0.22800395501174145
