{
  "dataset": "pavia_university",
  "model": "hybridsn_small_spectral_qnn_gated_fusion_prototype",
  "shot": 10,
  "seed": 4,
  "loss_mode": "prototype",
  "metric_weight": 0.2,
  "temperature": 0.2,
  "pca_evr_sum": 0.9996427893638611,
  "best_epoch": 10,
  "test_loss": 0.6970804722188885,
  "train_time_seconds": 46.43168902397156,
  "test_time_seconds": 75.67021107673645,
  "trainable_parameters": 1455,
  "OA": 0.8252183303596582,
  "AA": 0.8593215815095012,
  "Kappa": 0.778157609243428,
  "Macro-F1": 0.8205843596773512,
  "Weighted-F1": 0.8367318162791108
}