{
  "dataset": "indian_pines",
  "model": "cnn1d",
  "shot": 5,
  "seed": 3,
  "OA": 0.26266959297685555,
  "AA": 0.39266991426719844,
  "Kappa": 0.20119865188536923,
  "Macro-F1": 0.22739288232567872,
  "Weighted-F1": 0.21499397705409834,
  "best_epoch": 49,
  "train_time_seconds": 2.021697998046875,
  "test_time_seconds": 0.40722203254699707,
  "trainable_parameters": 7568,
  "train_size": 80,
  "validation_size": 145,
  "test_size": 10024,
  "pca_evr_sum": 0.9598935842514038,
  "pca_fit_scope": "full_image_unsupervised",
  "patch_size": null,
  "pca_bands": 30
}