{
  "dataset": "indian_pines",
  "model": "cnn2d",
  "shot": 1,
  "seed": 4,
  "OA": 0.33571286932381517,
  "AA": 0.5328713604021535,
  "Kappa": 0.2845960279465336,
  "Macro-F1": 0.32093363546046527,
  "Weighted-F1": 0.3044286562883254,
  "best_epoch": 19,
  "train_time_seconds": 2.709508180618286,
  "test_time_seconds": 3.246904134750366,
  "trainable_parameters": 28208,
  "train_size": 16,
  "validation_size": 147,
  "test_size": 10086,
  "pca_evr_sum": 0.9598935842514038,
  "pca_fit_scope": "full_image_unsupervised",
  "patch_size": 19,
  "pca_bands": 30
}