{
  "dataset": "indian_pines",
  "model": "cnn2d",
  "shot": 1,
  "seed": 3,
  "OA": 0.3920285544318858,
  "AA": 0.5914255577134339,
  "Kappa": 0.3409950107829979,
  "Macro-F1": 0.4069468199478819,
  "Weighted-F1": 0.37157775148116795,
  "best_epoch": 28,
  "train_time_seconds": 2.719904899597168,
  "test_time_seconds": 2.4257771968841553,
  "trainable_parameters": 28208,
  "train_size": 16,
  "validation_size": 147,
  "test_size": 10086,
  "pca_evr_sum": 0.9598935842514038,
  "pca_fit_scope": "full_image_unsupervised",
  "patch_size": 19,
  "pca_bands": 30
}