{
  "dataset": "indian_pines",
  "model": "cnn1d",
  "shot": 5,
  "seed": 4,
  "OA": 0.30536711891460494,
  "AA": 0.4098620287158515,
  "Kappa": 0.22365184456608778,
  "Macro-F1": 0.28779382935842224,
  "Weighted-F1": 0.2992909980528608,
  "best_epoch": 90,
  "train_time_seconds": 2.940018892288208,
  "test_time_seconds": 0.38059401512145996,
  "trainable_parameters": 7568,
  "train_size": 80,
  "validation_size": 145,
  "test_size": 10024,
  "pca_evr_sum": 0.9598935842514038,
  "pca_fit_scope": "full_image_unsupervised",
  "patch_size": null,
  "pca_bands": 30
}