class_id,class_name,precision,recall,f1,support
0,Asphalt,0.8286337435737654,0.8039600967351874,0.8161104718066743,6616
1,Meadows,0.9985287626894218,0.3642266824085006,0.5337580118752704,18634
2,Gravel,0.694462975316878,0.4995201535508637,0.5810773095171644,2084
3,Trees,0.21583234008740565,0.7126926861265989,0.33132576046352064,3049
4,Painted metal sheets,0.9175329175329175,0.9954887218045113,0.9549224666426254,1330
5,Bare Soil,0.5672913117546848,0.9962106102911846,0.7229177219769882,5014
6,Bitumen,0.5633869441816461,0.905703422053232,0.694663167104112,1315
7,Self-Blocking Bricks,0.6223083548664944,0.7881101718025634,0.6954638430995067,3667
8,Shadows,0.823943661971831,0.7532188841201717,0.7869955156950673,932
