{
  "dataset": "pavia_university",
  "model": "cnn2d",
  "shot": 1,
  "seed": 2,
  "OA": 0.4093071209316494,
  "AA": 0.5021914964887215,
  "Kappa": 0.3314299738814389,
  "Macro-F1": 0.4484385959432775,
  "Weighted-F1": 0.43138444049270447,
  "best_epoch": 33,
  "train_time_seconds": 1.8831090927124023,
  "test_time_seconds": 10.060632228851318,
  "trainable_parameters": 27753,
  "train_size": 9,
  "validation_size": 90,
  "test_size": 42677,
  "pca_evr_sum": 0.9996427893638611,
  "pca_fit_scope": "full_image_unsupervised",
  "patch_size": 19,
  "pca_bands": 30
}