{
  "dataset": "pavia_university",
  "model": "cnn2d",
  "shot": 1,
  "seed": 4,
  "OA": 0.5456334793917098,
  "AA": 0.5401550739133564,
  "Kappa": 0.42779646932464244,
  "Macro-F1": 0.4890382783346294,
  "Weighted-F1": 0.5506546729486109,
  "best_epoch": 27,
  "train_time_seconds": 1.6823408603668213,
  "test_time_seconds": 11.522692680358887,
  "trainable_parameters": 27753,
  "train_size": 9,
  "validation_size": 90,
  "test_size": 42677,
  "pca_evr_sum": 0.9996427893638611,
  "pca_fit_scope": "full_image_unsupervised",
  "patch_size": 19,
  "pca_bands": 30
}