{
  "dataset": "pavia_university",
  "model": "cnn1d",
  "shot": 1,
  "seed": 1,
  "OA": 0.24336293553904914,
  "AA": 0.4712678761581167,
  "Kappa": 0.1752229663868411,
  "Macro-F1": 0.312707328831537,
  "Weighted-F1": 0.1592452009197341,
  "best_epoch": 18,
  "train_time_seconds": 0.3870577812194824,
  "test_time_seconds": 1.6729950904846191,
  "trainable_parameters": 7113,
  "train_size": 9,
  "validation_size": 90,
  "test_size": 42677,
  "pca_evr_sum": 0.9996427893638611,
  "pca_fit_scope": "full_image_unsupervised",
  "patch_size": null,
  "pca_bands": 30
}