class_id,class_name,precision,recall,f1,support
0,Asphalt,0.7579288025889968,0.5306646525679758,0.6242558862727676,6620
1,Meadows,0.7314110265652116,0.2939693100118038,0.4193807646676107,18638
2,Gravel,0.24935491437954493,0.5090996168582376,0.33475043300267676,2088
3,Trees,0.2539325842696629,0.8883065836881756,0.39496104274375593,3053
4,Painted metal sheets,0.9871406959152799,0.9782608695652174,0.9826807228915663,1334
5,Bare Soil,0.22386740331491714,0.4037465125548027,0.2880295706568098,5018
6,Bitumen,0.49452154857560265,0.513267626990144,0.5037202380952381,1319
7,Self-Blocking Bricks,0.3229166666666667,0.08444565513484065,0.13388037141006262,3671
8,Shadows,0.3219814241486068,1.0,0.48711943793911006,936
