class_id,class_name,precision,recall,f1,support
0,Asphalt,0.9591491418902587,0.6002117682650129,0.7383699292891701,6611
1,Meadows,0.8383561643835616,0.525632079016587,0.64614470949223,18629
2,Gravel,0.33537706928264865,0.2631072631072631,0.29487870619946094,2079
3,Trees,0.48398751847594024,0.9681340341655716,0.6453520201467207,3044
4,Painted metal sheets,0.9962092494313874,0.9916981132075472,0.9939485627836612,1325
5,Bare Soil,0.34099139882299684,0.6015172689159513,0.435247381726255,5009
6,Bitumen,0.37398879900435594,0.917557251908397,0.5313881520778072,1310
7,Self-Blocking Bricks,0.656059009483667,0.8500819224467504,0.7405733317473534,3662
8,Shadows,0.9777777777777777,0.9967637540453075,0.9871794871794872,927
