{
  "dataset": "pavia_university",
  "model": "cnn1d",
  "shot": 1,
  "seed": 4,
  "OA": 0.424983011926799,
  "AA": 0.5384442369076353,
  "Kappa": 0.32371217983846434,
  "Macro-F1": 0.46401779265464527,
  "Weighted-F1": 0.43409065534663616,
  "best_epoch": 91,
  "train_time_seconds": 1.0192911624908447,
  "test_time_seconds": 1.7946109771728516,
  "trainable_parameters": 7113,
  "train_size": 9,
  "validation_size": 90,
  "test_size": 42677,
  "pca_evr_sum": 0.9996427893638611,
  "pca_fit_scope": "full_image_unsupervised",
  "patch_size": null,
  "pca_bands": 30
}