{
  "dataset": "salinas",
  "model": "cnn2d",
  "shot": 10,
  "seed": 2,
  "OA": 0.9234142987232619,
  "AA": 0.9539739040259989,
  "Kappa": 0.9150152397902297,
  "Macro-F1": 0.9413127529188476,
  "Weighted-F1": 0.9235428047335537,
  "best_epoch": 60,
  "train_time_seconds": 17.551465034484863,
  "test_time_seconds": 17.187164068222046,
  "trainable_parameters": 28208,
  "train_size": 160,
  "validation_size": 160,
  "test_size": 53809,
  "pca_evr_sum": 0.9982954859733582,
  "pca_fit_scope": "full_image_unsupervised",
  "patch_size": 19,
  "pca_bands": 30
}