{
  "dataset": "salinas",
  "model": "cnn1d",
  "shot": 5,
  "seed": 1,
  "OA": 0.6501512368015736,
  "AA": 0.6932507518532265,
  "Kappa": 0.6176815313795541,
  "Macro-F1": 0.6589693825724114,
  "Weighted-F1": 0.5897235358078101,
  "best_epoch": 98,
  "train_time_seconds": 2.7288100719451904,
  "test_time_seconds": 2.1882100105285645,
  "trainable_parameters": 7568,
  "train_size": 80,
  "validation_size": 160,
  "test_size": 53889,
  "pca_evr_sum": 0.9982954859733582,
  "pca_fit_scope": "full_image_unsupervised",
  "patch_size": null,
  "pca_bands": 30
}