class_id,class_name,precision,recall,f1,support
0,Alfalfa,0.0,0.0,0.0,37
1,Corn-notill,0.7195633921074727,0.7504378283712785,0.7346763823403344,1142
2,Corn-mintill,0.7280163599182005,0.536144578313253,0.6175195143104943,664
3,Corn,0.9322033898305084,0.291005291005291,0.4435483870967742,189
4,Grass-pasture,0.9477911646586346,0.6098191214470284,0.7421383647798742,387
5,Grass-trees,0.7510204081632653,0.9452054794520548,0.8369977255496588,584
6,Grass-pasture-mowed,0.0,0.0,0.0,22
7,Hay-windrowed,0.8875878220140515,0.9921465968586387,0.9369592088998764,382
8,Oats,0.0,0.0,0.0,16
9,Soybean-notill,0.6964047936085219,0.6722365038560412,0.684107259646828,778
10,Soybean-mintill,0.7246753246753247,0.8519083969465648,0.783157894736842,1965
11,Soybean-clean,0.4214659685863874,0.3389473684210526,0.3757292882147025,475
12,Wheat,0.9640718562874252,0.9817073170731707,0.972809667673716,164
13,Woods,0.8784878487848785,0.9644268774703557,0.9194536033914272,1012
14,Buildings-Grass-Trees-Drives,0.8366533864541833,0.6818181818181818,0.7513416815742398,308
15,Stone-Steel-Towers,0.9358974358974359,0.9733333333333334,0.954248366013072,75
