{
  "dataset": "salinas",
  "model": "hybridsn_small_spectral_qnn_gated_fusion_supcon",
  "model_short": "spectral_qnn_gated_supcon",
  "shot": 10,
  "seed": 1,
  "loss_mode": "supcon",
  "metric_weight": 0.2,
  "temperature": 0.2,
  "num_classes": 16,
  "pca_fit_scope": "full_image_unsupervised",
  "pca_evr_sum": 0.9982954859733582,
  "patch_size": 19,
  "pca_bands": 30,
  "best_epoch": 10,
  "train_loss": 0.3249526634812355,
  "val_loss": 0.24488382264971734,
  "test_loss": 0.33266836922182996,
  "train_time_seconds": 21.881107330322266,
  "test_time_seconds": 96.72978615760803,
  "trainable_parameters": 2176,
  "feature_path": "result/supcon_cross_dataset_pavia_salinas_20260525_183521/features/salinas_shot10_seed1_features.npz",
  "checkpoint": "result/supcon_cross_dataset_pavia_salinas_20260525_183521/checkpoints/salinas_spectral_gated_qnn_supcon_shot10_seed1.pt",
  "OA": 0.9493764983552937,
  "AA": 0.9761825755731262,
  "Kappa": 0.9436753873696369,
  "Macro-F1": 0.9712696839199979,
  "Weighted-F1": 0.9496468503670324
}