dataset,model,shot,seed,OA,AA,Kappa,Macro-F1,Weighted-F1,best_epoch,train_time_seconds,test_time_seconds,trainable_parameters,train_size,validation_size,test_size
pavia_university,spectral_qnn_gated_prototype,5,0,0.8207359114467296,0.872007896725218,0.7736874288599918,0.8098363027483079,0.8292299705235527,27,26.236247062683105,74.95789289474487,1455,45,90,42641
pavia_university,spectral_qnn_gated_prototype,5,1,0.7976595295607514,0.82981896174898,0.7423690178940586,0.7790983003467837,0.8032212169104327,16,19.758172273635864,75.64991879463196,1455,45,90,42641
pavia_university,spectral_qnn_gated_prototype,5,2,0.719354611758636,0.8264375484214378,0.6591027053420607,0.7488492854902509,0.7273145762218916,28,28.572378158569336,75.57023096084595,1455,45,90,42641
pavia_university,spectral_qnn_gated_prototype,5,3,0.757463474121151,0.7968433960454226,0.6951610020645701,0.7602042949567764,0.7758734375104057,24,25.23382806777954,78.28914308547974,1455,45,90,42641
