{
  "dataset": "pavia_university",
  "model": "hybridsn_small_spectral_qnn_gated_fusion_prototype",
  "shot": 5,
  "seed": 3,
  "loss_mode": "prototype",
  "metric_weight": 0.2,
  "temperature": 0.2,
  "pca_evr_sum": 0.9996427893638611,
  "best_epoch": 24,
  "test_loss": 0.8316697418691126,
  "train_time_seconds": 25.23382806777954,
  "test_time_seconds": 78.28914308547974,
  "trainable_parameters": 1455,
  "OA": 0.757463474121151,
  "AA": 0.7968433960454226,
  "Kappa": 0.6951610020645701,
  "Macro-F1": 0.7602042949567764,
  "Weighted-F1": 0.7758734375104057
}