{
  "dataset": "pavia_university",
  "model": "hybridsn_small_spectral_qnn_gated_fusion_prototype",
  "shot": 5,
  "seed": 1,
  "loss_mode": "prototype",
  "metric_weight": 0.2,
  "temperature": 0.2,
  "pca_evr_sum": 0.9996427893638611,
  "best_epoch": 16,
  "test_loss": 0.9171924885418387,
  "train_time_seconds": 19.758172273635864,
  "test_time_seconds": 75.64991879463196,
  "trainable_parameters": 1455,
  "OA": 0.7976595295607514,
  "AA": 0.82981896174898,
  "Kappa": 0.7423690178940586,
  "Macro-F1": 0.7790983003467837,
  "Weighted-F1": 0.8032212169104327
}