{
  "dataset": "pavia_university",
  "model": "hybridsn_small_spectral_qnn_gated_fusion_prototype",
  "shot": 5,
  "seed": 2,
  "loss_mode": "prototype",
  "metric_weight": 0.2,
  "temperature": 0.2,
  "pca_evr_sum": 0.9996427893638611,
  "best_epoch": 28,
  "test_loss": 0.892289158427993,
  "train_time_seconds": 28.572378158569336,
  "test_time_seconds": 75.57023096084595,
  "trainable_parameters": 1455,
  "OA": 0.719354611758636,
  "AA": 0.8264375484214378,
  "Kappa": 0.6591027053420607,
  "Macro-F1": 0.7488492854902509,
  "Weighted-F1": 0.7273145762218916
}