{
  "dataset": "indian_pines",
  "model": "cnn1d",
  "shot": 5,
  "seed": 1,
  "OA": 0.33768954509177973,
  "AA": 0.4177884343264511,
  "Kappa": 0.2530325637164811,
  "Macro-F1": 0.26875890335859004,
  "Weighted-F1": 0.326593075154133,
  "best_epoch": 60,
  "train_time_seconds": 1.6597740650177002,
  "test_time_seconds": 0.3290700912475586,
  "trainable_parameters": 7568,
  "train_size": 80,
  "validation_size": 145,
  "test_size": 10024,
  "pca_evr_sum": 0.9598935842514038,
  "pca_fit_scope": "full_image_unsupervised",
  "patch_size": null,
  "pca_bands": 30
}