{
  "dataset": "indian_pines",
  "model": "cnn2d",
  "shot": 5,
  "seed": 1,
  "OA": 0.6408619313647247,
  "AA": 0.7518842551974991,
  "Kappa": 0.6009001732513777,
  "Macro-F1": 0.5759340283236457,
  "Weighted-F1": 0.668905282585394,
  "best_epoch": 53,
  "train_time_seconds": 5.930100917816162,
  "test_time_seconds": 1.9117698669433594,
  "trainable_parameters": 28208,
  "train_size": 80,
  "validation_size": 145,
  "test_size": 10024,
  "pca_evr_sum": 0.9598935842514038,
  "pca_fit_scope": "full_image_unsupervised",
  "patch_size": 19,
  "pca_bands": 30
}