{
  "dataset": "indian_pines",
  "model": "cnn1d",
  "shot": 10,
  "seed": 2,
  "OA": 0.4271639690358902,
  "AA": 0.518410037116801,
  "Kappa": 0.35180325232838106,
  "Macro-F1": 0.3891451417125806,
  "Weighted-F1": 0.4378824214994616,
  "best_epoch": 98,
  "train_time_seconds": 4.081366062164307,
  "test_time_seconds": 0.4855377674102783,
  "trainable_parameters": 7568,
  "train_size": 160,
  "validation_size": 142,
  "test_size": 9947,
  "pca_evr_sum": 0.9598935842514038,
  "pca_fit_scope": "full_image_unsupervised",
  "patch_size": null,
  "pca_bands": 30
}