class_id,class_name,precision,recall,f1,support
0,Asphalt,0.8622200584225901,0.5353688029020556,0.660574412532637,6616
1,Meadows,0.8243440233236151,0.5462595255983685,0.6570912142534375,18634
2,Gravel,0.2727272727272727,0.20009596928982726,0.23083310268474952,2084
3,Trees,0.35948191593352885,0.9649065267300755,0.5238137630196742,3049
4,Painted metal sheets,0.9983633387888707,0.9172932330827067,0.9561128526645768,1330
5,Bare Soil,0.43247777218587485,0.514160351017152,0.46979498861047836,5014
6,Bitumen,0.3301812450748621,0.955893536121673,0.49082389691526745,1315
7,Self-Blocking Bricks,0.6598805045364019,0.813198800109081,0.7285609577327143,3667
8,Shadows,0.9667705088265836,0.9989270386266095,0.9825857519788919,932
