class_id,class_name,precision,recall,f1,support
0,Asphalt,0.8721011946591708,0.7503022974607013,0.8066298342541437,6616
1,Meadows,0.8793813779552513,0.7445529676934636,0.8063700560867164,18634
2,Gravel,0.7535410764872521,0.6381957773512476,0.6910885944401143,2084
3,Trees,0.37591084440634376,0.8629058707773041,0.5236863057324841,3049
4,Painted metal sheets,0.8704188481675392,1.0,0.9307207837648706,1330
5,Bare Soil,0.7570900123304563,0.6122856003191065,0.6770316462675047,5014
6,Bitumen,0.6617766911165445,0.617490494296578,0.6388670338316287,1315
7,Self-Blocking Bricks,0.7010698552548773,0.9113716934824106,0.7925065212236186,3667
8,Shadows,0.7256317689530686,0.6469957081545065,0.6840612592172434,932
