{
  "dataset": "pavia_university",
  "model": "cnn3d",
  "shot": 5,
  "seed": 0,
  "OA": 0.13465913088342205,
  "AA": 0.26010444808715005,
  "Kappa": 0.06040935244421819,
  "Macro-F1": 0.1494723559306542,
  "Weighted-F1": 0.06040715874050603,
  "best_epoch": 5,
  "train_time_seconds": 6.864574909210205,
  "test_time_seconds": 35.86428737640381,
  "trainable_parameters": 3897,
  "train_size": 45,
  "validation_size": 90,
  "test_size": 42641,
  "pca_evr_sum": 0.9996427893638611,
  "pca_fit_scope": "full_image_unsupervised",
  "patch_size": 19,
  "pca_bands": 30
}