{
  "dataset": "pavia_university",
  "model": "cnn3d",
  "shot": 10,
  "seed": 0,
  "OA": 0.10256831627382852,
  "AA": 0.2222222222222222,
  "Kappa": 0.03276573305214581,
  "Macro-F1": 0.12089865676142912,
  "Weighted-F1": 0.04035127170570714,
  "best_epoch": 4,
  "train_time_seconds": 10.042259931564331,
  "test_time_seconds": 39.00357794761658,
  "trainable_parameters": 3897,
  "train_size": 90,
  "validation_size": 90,
  "test_size": 42596,
  "pca_evr_sum": 0.9996427893638611,
  "pca_fit_scope": "full_image_unsupervised",
  "patch_size": 19,
  "pca_bands": 30
}