{
  "dataset": "pavia_university",
  "model": "cnn2d",
  "shot": 10,
  "seed": 1,
  "OA": 0.7003944032303503,
  "AA": 0.8079814957310774,
  "Kappa": 0.6364007979938437,
  "Macro-F1": 0.7388833401414563,
  "Weighted-F1": 0.710550000378735,
  "best_epoch": 52,
  "train_time_seconds": 5.164420127868652,
  "test_time_seconds": 7.155364036560059,
  "trainable_parameters": 27753,
  "train_size": 90,
  "validation_size": 90,
  "test_size": 42596,
  "pca_evr_sum": 0.9996427893638611,
  "pca_fit_scope": "full_image_unsupervised",
  "patch_size": 19,
  "pca_bands": 30
}