class_id,class_name,precision,recall,f1,support
0,Asphalt,0.9608391608391609,0.4151057401812689,0.579746835443038,6620
1,Meadows,0.7272834972159696,0.32938083485352504,0.45341408471509287,18638
2,Gravel,0.14007698887938408,0.3136973180076628,0.19367238320520402,2088
3,Trees,0.361560923812052,0.8922371437929905,0.5145933692264097,3053
4,Painted metal sheets,0.9980411361410382,0.7638680659670165,0.8653927813163482,1334
5,Bare Soil,0.38111019055509526,0.09166998804304503,0.14779116465863454,5018
6,Bitumen,0.1718882303132938,0.15390447308567096,0.1624,1319
7,Self-Blocking Bricks,0.22248820190137472,0.8861345682375374,0.3556746118521758,3671
8,Shadows,0.823943661971831,1.0,0.9034749034749034,936
