{
  "dataset": "pavia_university",
  "model": "cnn3d",
  "shot": 10,
  "seed": 1,
  "OA": 0.1571039534228566,
  "AA": 0.295588680788385,
  "Kappa": 0.1068278261942689,
  "Macro-F1": 0.133137200219647,
  "Weighted-F1": 0.1595620806786192,
  "best_epoch": 19,
  "train_time_seconds": 16.906614065170288,
  "test_time_seconds": 39.026268005371094,
  "trainable_parameters": 3897,
  "train_size": 90,
  "validation_size": 90,
  "test_size": 42596,
  "pca_evr_sum": 0.9996427893638611,
  "pca_fit_scope": "full_image_unsupervised",
  "patch_size": 19,
  "pca_bands": 30
}