class_id,class_name,precision,recall,f1,support
0,Asphalt,0.0,0.0,0.0,6620
1,Meadows,0.0,0.0,0.0,18638
2,Gravel,0.5049423393739704,0.5871647509578544,0.5429583702391497,2088
3,Trees,0.0,0.0,0.0,3053
4,Painted metal sheets,0.3718985224421522,1.0,0.5421662263767527,1334
5,Bare Soil,0.0,0.0,0.0,5018
6,Bitumen,0.0,0.0,0.0,1319
7,Self-Blocking Bricks,0.0,0.0,0.0,3671
8,Shadows,0.020048006109868528,0.7852564102564102,0.039097824352359166,936
