{
  "dataset": "pavia_university",
  "model": "cnn3d",
  "shot": 5,
  "seed": 2,
  "OA": 0.0715039515958819,
  "AA": 0.1111111111111111,
  "Kappa": 0.0,
  "Macro-F1": 0.014829405899661974,
  "Weighted-F1": 0.009543250094806036,
  "best_epoch": 1,
  "train_time_seconds": 5.884358882904053,
  "test_time_seconds": 41.21330404281616,
  "trainable_parameters": 3897,
  "train_size": 45,
  "validation_size": 90,
  "test_size": 42641,
  "pca_evr_sum": 0.9996427893638611,
  "pca_fit_scope": "full_image_unsupervised",
  "patch_size": 19,
  "pca_bands": 30
}