{
  "dataset": "pavia_university",
  "model": "cnn3d",
  "shot": 1,
  "seed": 0,
  "OA": 0.1533612953112918,
  "AA": 0.26566691151704835,
  "Kappa": 0.07817795792604687,
  "Macro-F1": 0.15491536895025626,
  "Weighted-F1": 0.06809693729000896,
  "best_epoch": 5,
  "train_time_seconds": 3.5337328910827637,
  "test_time_seconds": 41.26453185081482,
  "trainable_parameters": 3897,
  "train_size": 9,
  "validation_size": 90,
  "test_size": 42677,
  "pca_evr_sum": 0.9996427893638611,
  "pca_fit_scope": "full_image_unsupervised",
  "patch_size": 19,
  "pca_bands": 30
}