class_id,class_name,precision,recall,f1,support
0,Asphalt,0.0,0.0,0.0,6616
1,Meadows,0.0,0.0,0.0,18634
2,Gravel,0.0,0.0,0.0,2084
3,Trees,0.17899825433060293,0.8743850442768121,0.29716323914618514,3049
4,Painted metal sheets,0.8809683927370545,0.9849624060150376,0.9300674476393326,1330
5,Bare Soil,0.0,0.0,0.0,5014
6,Bitumen,0.0,0.0,0.0,1315
7,Self-Blocking Bricks,0.06725057121096725,0.4815925824925007,0.1180205165903699,3667
8,Shadows,0.0,0.0,0.0,932
