{
  "dataset": "pavia_university",
  "model": "cnn2d",
  "shot": 5,
  "seed": 2,
  "OA": 0.6196383762106893,
  "AA": 0.7576812698769793,
  "Kappa": 0.5534180220173408,
  "Macro-F1": 0.6796926964645477,
  "Weighted-F1": 0.6251869132545368,
  "best_epoch": 65,
  "train_time_seconds": 4.39092493057251,
  "test_time_seconds": 8.619930744171143,
  "trainable_parameters": 27753,
  "train_size": 45,
  "validation_size": 90,
  "test_size": 42641,
  "pca_evr_sum": 0.9996427893638611,
  "pca_fit_scope": "full_image_unsupervised",
  "patch_size": 19,
  "pca_bands": 30
}