{
  "dataset": "pavia_university",
  "model": "cnn3d",
  "shot": 1,
  "seed": 1,
  "OA": 0.07720786372050518,
  "AA": 0.26360235124602943,
  "Kappa": 0.054272310566324866,
  "Macro-F1": 0.12491360232980685,
  "Weighted-F1": 0.04436915403237671,
  "best_epoch": 6,
  "train_time_seconds": 3.623029947280884,
  "test_time_seconds": 42.36461687088013,
  "trainable_parameters": 3897,
  "train_size": 9,
  "validation_size": 90,
  "test_size": 42677,
  "pca_evr_sum": 0.9996427893638611,
  "pca_fit_scope": "full_image_unsupervised",
  "patch_size": 19,
  "pca_bands": 30
}