class_id,class_name,precision,recall,f1,support
0,Asphalt,0.23735408560311283,0.05532043530834341,0.08972787447903897,6616
1,Meadows,0.786701396425729,0.5835032735859182,0.6700354336773995,18634
2,Gravel,0.056179775280898875,0.0023992322456813818,0.004601932811780948,2084
3,Trees,0.3434190620272315,0.9678583142013775,0.5069575674282769,3049
4,Painted metal sheets,0.9857571214392804,0.9887218045112782,0.9872372372372372,1330
5,Bare Soil,0.49312092686459086,0.2716394096529717,0.35030864197530864,5014
6,Bitumen,0.18081541468863446,0.9847908745247148,0.305532617671346,1315
7,Self-Blocking Bricks,0.6171774637548174,0.917098445595855,0.7378236068451075,3667
8,Shadows,0.4933827421916358,1.0,0.6607585962424672,932
