class_id,class_name,precision,recall,f1,support
0,Asphalt,0.9062262718299164,0.721584038694075,0.8034331874789633,6616
1,Meadows,0.9768408930970507,0.8194161210690136,0.8912301181964103,18634
2,Gravel,0.4002257336343115,0.8507677543186181,0.5443659809640774,2084
3,Trees,0.7722108942615787,0.8694653984913087,0.8179574205492132,3049
4,Painted metal sheets,0.8802117802779617,1.0,0.936290038718761,1330
5,Bare Soil,0.7252548503781651,0.8797367371360192,0.7950612833453496,5014
6,Bitumen,0.6681766704416761,0.8973384030418251,0.7659850697825381,1315
7,Self-Blocking Bricks,0.7188106011635423,0.6064903190619034,0.6578908445496229,3667
8,Shadows,0.44950911640953717,0.6877682403433476,0.5436810856658185,932
