class_id,class_name,precision,recall,f1,support
0,Asphalt,0.565270083102493,0.493202416918429,0.5267828331719909,6620
1,Meadows,0.9446366782006921,0.5126623028221913,0.664626299864362,18638
2,Gravel,0.25560344827586207,0.28400383141762453,0.2690562613430127,2088
3,Trees,0.5137828668363019,0.7936455944972158,0.6237611018149054,3053
4,Painted metal sheets,0.8825622775800712,0.5577211394302849,0.6835094166283877,1334
5,Bare Soil,0.261798380340687,0.3736548425667597,0.3078817733990148,5018
6,Bitumen,0.3337658125202725,0.78013646702047,0.4675147660154475,1319
7,Self-Blocking Bricks,0.48502471648735096,0.9087442113865432,0.6324770120390558,3671
8,Shadows,0.11434977578475336,0.21794871794871795,0.15,936
