{
  "dataset": "pavia_university",
  "model": "cnn3d",
  "shot": 1,
  "seed": 4,
  "OA": 0.04573892260468168,
  "AA": 0.19463754589941498,
  "Kappa": 0.024104224532285556,
  "Macro-F1": 0.10095157307571759,
  "Weighted-F1": 0.028003046764672992,
  "best_epoch": 1,
  "train_time_seconds": 2.7819666862487793,
  "test_time_seconds": 39.11412715911865,
  "trainable_parameters": 3897,
  "train_size": 9,
  "validation_size": 90,
  "test_size": 42677,
  "pca_evr_sum": 0.9996427893638611,
  "pca_fit_scope": "full_image_unsupervised",
  "patch_size": 19,
  "pca_bands": 30
}