{
  "dataset": "pavia_university",
  "model": "cnn3d",
  "shot": 1,
  "seed": 3,
  "OA": 0.36363849380228225,
  "AA": 0.46475806420952487,
  "Kappa": 0.243609200517106,
  "Macro-F1": 0.38466938894661823,
  "Weighted-F1": 0.3690828920973528,
  "best_epoch": 96,
  "train_time_seconds": 14.50418210029602,
  "test_time_seconds": 40.71944499015808,
  "trainable_parameters": 3897,
  "train_size": 9,
  "validation_size": 90,
  "test_size": 42677,
  "pca_evr_sum": 0.9996427893638611,
  "pca_fit_scope": "full_image_unsupervised",
  "patch_size": 19,
  "pca_bands": 30
}