class_id,class_name,precision,recall,f1,support
0,Asphalt,0.3269589552238806,0.31786577992744863,0.32234825260576333,6616
1,Meadows,0.7519075879610004,0.7615112160566706,0.7566789313709806,18634
2,Gravel,0.2680462766824181,0.7893474088291746,0.4001946235251186,2084
3,Trees,0.54759967453214,0.6621843227287635,0.5994655581947743,3049
4,Painted metal sheets,0.8625162127107653,1.0,0.9261838440111421,1330
5,Bare Soil,0.0,0.0,0.0,5014
6,Bitumen,0.5434462444771723,0.28060836501901143,0.37011033099297896,1315
7,Self-Blocking Bricks,0.5800289435600579,0.5464957731115353,0.5627632687447346,3667
8,Shadows,0.355119825708061,0.6995708154506438,0.47109826589595377,932
