class_id,class_name,precision,recall,f1,support
0,Asphalt,0.8853059728838403,0.3654515201936167,0.5173447537473234,6611
1,Meadows,0.8340273646638905,0.4515540286649847,0.5858958732369841,18629
2,Gravel,0.24352973568281938,0.8508898508898509,0.3786792250883014,2079
3,Trees,0.9861751152073732,0.07030223390275953,0.13124808340999694,3044
4,Painted metal sheets,0.8581606217616581,1.0,0.9236667828511677,1325
5,Bare Soil,0.2674886089520236,0.7969654621680974,0.4005418150805197,5009
6,Bitumen,0.22198505869797225,0.4763358778625954,0.3028391167192429,1310
7,Self-Blocking Bricks,0.0,0.0,0.0,3662
8,Shadows,0.23038728897715988,0.7508090614886731,0.3525835866261398,927
