class_id,class_name,precision,recall,f1,support
0,Asphalt,0.9228470524314045,0.5134522370012092,0.6598038263571914,6616
1,Meadows,0.9003563247645712,0.759364602339809,0.8238719068413392,18634
2,Gravel,0.6392440244580322,0.5518234165067178,0.5923255215039918,2084
3,Trees,0.4435087719298246,0.8291243030501804,0.5778946165276031,3049
4,Painted metal sheets,0.9225296442687747,0.8774436090225564,0.8994219653179191,1330
5,Bare Soil,0.5479295728725139,0.6703230953330674,0.602978112665949,5014
6,Bitumen,0.41403238242097146,0.8167300380228137,0.5495011511895626,1315
7,Self-Blocking Bricks,0.6114570361145704,0.803381510771748,0.6944018856806129,3667
8,Shadows,0.6895074946466809,0.6909871244635193,0.6902465166130761,932
