{
  "dataset": "pavia_university",
  "model": "cnn3d",
  "shot": 10,
  "seed": 4,
  "OA": 0.45656869189595267,
  "AA": 0.5291453372411753,
  "Kappa": 0.346769657547491,
  "Macro-F1": 0.3991999151955195,
  "Weighted-F1": 0.4572107787382548,
  "best_epoch": 97,
  "train_time_seconds": 46.261523962020874,
  "test_time_seconds": 72.29096698760986,
  "trainable_parameters": 3897,
  "train_size": 90,
  "validation_size": 90,
  "test_size": 42596,
  "pca_evr_sum": 0.9996427893638611,
  "pca_fit_scope": "full_image_unsupervised",
  "patch_size": 19,
  "pca_bands": 30
}