class_id,class_name,precision,recall,f1,support
0,Asphalt,0.0,0.0,0.0,6620
1,Meadows,0.0,0.0,0.0,18638
2,Gravel,0.0,0.0,0.0,2088
3,Trees,0.23807430204440536,0.709466098919096,0.35651386717142625,3053
4,Painted metal sheets,0.9579045837231057,0.767616191904048,0.8522679983354141,1334
5,Bare Soil,0.0,0.0,0.0,5018
6,Bitumen,0.0,0.0,0.0,1319
7,Self-Blocking Bricks,0.10319901568748077,0.9139199128302915,0.18545645504546585,3671
8,Shadows,0.0,0.0,0.0,936
