class_id,class_name,precision,recall,f1,support
0,Asphalt,0.9637557771831671,0.598851269649335,0.7386967465274541,6616
1,Meadows,0.7817116658176261,0.6587957497048406,0.715009610344225,18634
2,Gravel,0.3437801350048216,0.34213051823416507,0.34295334295334295,2084
3,Trees,0.4218452990203246,0.9462118727451624,0.5835355987055016,3049
4,Painted metal sheets,0.9887808526551982,0.9939849624060151,0.9913760779902512,1330
5,Bare Soil,0.3458266879319511,0.2594734742720383,0.29649042844120327,5014
6,Bitumen,0.3571847507331378,0.9262357414448669,0.5155555555555555,1315
7,Self-Blocking Bricks,0.6714285714285714,0.8074720479956368,0.7331930172093599,3667
8,Shadows,0.9366197183098591,0.9989270386266095,0.9667705088265836,932
