class_id,class_name,precision,recall,f1,support
0,Asphalt,0.9536556132640831,0.7221297836938436,0.821898941206852,6611
1,Meadows,0.9185589242674109,0.7773900907187719,0.8420991423171973,18629
2,Gravel,0.9177330895795247,0.7243867243867244,0.8096774193548387,2079
3,Trees,0.6674288617886179,0.8630091984231275,0.7527220630372493,3044
4,Painted metal sheets,0.9482248520710059,0.9675471698113207,0.9577885692939858,1325
5,Bare Soil,0.540768242181922,0.7560391295667798,0.6305361305361306,5009
6,Bitumen,0.6294088425235966,0.9671755725190839,0.7625639482395425,1310
7,Self-Blocking Bricks,0.7322494340399259,0.971600218459858,0.8351132496185893,3662
8,Shadows,0.7401960784313726,0.81445523193096,0.7755521314843349,927
