class_id,class_name,precision,recall,f1,support
0,Asphalt,0.8782545805207329,0.5506348246674728,0.6768859160163508,6616
1,Meadows,0.96194137433926,0.5371364173017066,0.6893488067770929,18634
2,Gravel,0.5109154929577465,0.696257197696737,0.5893582453290008,2084
3,Trees,0.6060358890701468,0.7310593637258117,0.6627025419949457,3049
4,Painted metal sheets,0.9499589827727646,0.8706766917293233,0.9085916045508042,1330
5,Bare Soil,0.3626443144077179,0.9146390107698444,0.519365798414496,5014
6,Bitumen,0.3907030349596619,0.773384030418251,0.5191424196018377,1315
7,Self-Blocking Bricks,0.6210474308300395,0.6855740387237523,0.6517174335709657,3667
8,Shadows,0.5825426944971537,0.6587982832618026,0.6183282980866063,932
