{
  "dataset": "pavia_university",
  "model": "cnn3d",
  "shot": 5,
  "seed": 3,
  "OA": 0.5701554841584391,
  "AA": 0.5619537423470276,
  "Kappa": 0.43474465953441876,
  "Macro-F1": 0.4898714528157162,
  "Weighted-F1": 0.5420985299796289,
  "best_epoch": 65,
  "train_time_seconds": 23.478015899658203,
  "test_time_seconds": 38.786787033081055,
  "trainable_parameters": 3897,
  "train_size": 45,
  "validation_size": 90,
  "test_size": 42641,
  "pca_evr_sum": 0.9996427893638611,
  "pca_fit_scope": "full_image_unsupervised",
  "patch_size": 19,
  "pca_bands": 30
}