class_id,class_name,precision,recall,f1,support
0,Asphalt,0.9542828435066566,0.5742140266021766,0.7169953760498254,6616
1,Meadows,0.8038370918882531,0.6408178598261243,0.7131296843739735,18634
2,Gravel,0.3034547152194211,0.4678502879078695,0.36813290541816124,2084
3,Trees,0.5107762397056247,0.9560511643161692,0.6658291457286433,3049
4,Painted metal sheets,0.9977029096477795,0.9796992481203007,0.988619119878604,1330
5,Bare Soil,0.33415759973623477,0.4042680494615078,0.365884476534296,5014
6,Bitumen,0.5078834209268992,0.8083650190114069,0.6238262910798122,1315
7,Self-Blocking Bricks,0.7024972855591748,0.7057540223616035,0.7041218881784791,3667
8,Shadows,0.5368663594470046,1.0,0.6986506746626686,932
