class_id,class_name,precision,recall,f1,support
0,Asphalt,0.0,0.0,0.0,6611
1,Meadows,0.8151604551749052,0.7267700896451769,0.7684318065724502,18629
2,Gravel,0.32072176949941794,0.53006253006253,0.39963735267452405,2079
3,Trees,0.946360153256705,0.08114323258869909,0.14947049924357034,3044
4,Painted metal sheets,0.8868808567603749,1.0,0.9400496630010642,1325
5,Bare Soil,0.0,0.0,0.0,5009
6,Bitumen,0.0,0.0,0.0,1310
7,Self-Blocking Bricks,0.33244376667937475,0.9524849808847624,0.49286420799773917,3662
8,Shadows,0.1353232008789599,0.7971952535059331,0.2313713212273012,927
