{
  "dataset_id": "salinas",
  "model": "cnn2d",
  "OA": 0.9680629964899317,
  "AA": 0.9778603116571589,
  "Kappa": 0.9644434542636559,
  "Macro-F1": 0.9771975036114939,
  "Weighted-F1": 0.9680394502044211,
  "training_time_seconds": 20.2253839969635,
  "device": "cpu"
}