epoch,train_loss,validation_OA,validation_AA,validation_Kappa,validation_Macro-F1
1,3.185891270637512,0.13365853658536586,0.1467776735050626,0.09420758588707345,0.07744723446755072
2,2.6910411715507507,0.14536585365853658,0.15870116596002423,0.12089095581936116,0.07196374676856662
3,2.6384522914886475,0.1473170731707317,0.15746454169190388,0.12205825570022677,0.07228831338068507
4,2.6152247190475464,0.1404878048780488,0.1562405360387644,0.1158204039110402,0.06962317845657039
5,2.5916852355003357,0.1404878048780488,0.15846141227538865,0.11521311211987306,0.06817795110394734
6,2.5713968873023987,0.14146341463414633,0.15895353825964062,0.11541135823584381,0.0668704308246617
7,2.5537139773368835,0.14536585365853658,0.15870116596002423,0.11865777635560726,0.06705858128595327
8,2.536652147769928,0.14926829268292682,0.1573383555420957,0.12207550857837723,0.06769995746095862
9,2.5195106267929077,0.15121951219512195,0.15499129315566323,0.12367937720554223,0.06783492006623562
