{
  "dataset_id": "indian_pines",
  "model": "hybridsn_mlp",
  "OA": 0.733780487804878,
  "AA": 0.5628898125305144,
  "Kappa": 0.6955244271373553,
  "Macro-F1": 0.5715068846900246,
  "Weighted-F1": 0.7246461403733296,
  "training_time_seconds": 0.25102710723876953,
  "device": "cpu"
}