{
  "dataset": "pavia_university",
  "model": "hybridsn_small_spectral_qnn_gated_fusion_supcon",
  "model_short": "spectral_qnn_gated_supcon",
  "shot": 10,
  "seed": 1,
  "loss_mode": "supcon",
  "metric_weight": 0.2,
  "temperature": 0.2,
  "num_classes": 9,
  "pca_fit_scope": "full_image_unsupervised",
  "pca_evr_sum": 0.9996427893638611,
  "patch_size": 19,
  "pca_bands": 30,
  "best_epoch": 21,
  "train_loss": 0.34436680807007686,
  "val_loss": 0.4775868356227875,
  "test_loss": 0.6436120895533307,
  "train_time_seconds": 16.51155185699463,
  "test_time_seconds": 67.93758201599121,
  "trainable_parameters": 1455,
  "feature_path": "result/supcon_cross_dataset_pavia_salinas_20260525_183521/features/pavia_university_shot10_seed1_features.npz",
  "checkpoint": "result/supcon_cross_dataset_pavia_salinas_20260525_183521/checkpoints/pavia_university_spectral_gated_qnn_supcon_shot10_seed1.pt",
  "OA": 0.8434125269978402,
  "AA": 0.8886314223042958,
  "Kappa": 0.7998621721369081,
  "Macro-F1": 0.8532162899017094,
  "Weighted-F1": 0.8489699783453691
}