{
  "dataset": "salinas",
  "model": "hybridsn_small_spectral_qnn_gated_fusion_supcon",
  "model_short": "spectral_qnn_gated_supcon",
  "shot": 5,
  "seed": 0,
  "loss_mode": "supcon",
  "metric_weight": 0.2,
  "temperature": 0.2,
  "num_classes": 16,
  "pca_fit_scope": "full_image_unsupervised",
  "pca_evr_sum": 0.9982954859733582,
  "patch_size": 19,
  "pca_bands": 30,
  "best_epoch": 26,
  "train_loss": 0.3241145730018616,
  "val_loss": 0.342584465444088,
  "test_loss": 0.4150319176048804,
  "train_time_seconds": 22.12192678451538,
  "test_time_seconds": 94.76111507415771,
  "trainable_parameters": 2176,
  "feature_path": "result/supcon_cross_dataset_pavia_salinas_20260525_183521/features/salinas_shot5_seed0_features.npz",
  "checkpoint": "result/supcon_cross_dataset_pavia_salinas_20260525_183521/checkpoints/salinas_spectral_gated_qnn_supcon_shot5_seed0.pt",
  "OA": 0.8535137040954555,
  "AA": 0.9249448438682162,
  "Kappa": 0.8376412752396795,
  "Macro-F1": 0.9161118853562289,
  "Weighted-F1": 0.8542351868057139
}