{
  "dataset": "indian_pines",
  "model": "hybridsn_small_spectral_qnn_gated_fusion_supcon",
  "shot": 5,
  "seed": 4,
  "loss_mode": "supcon",
  "metric_weight": 0.2,
  "temperature": 0.2,
  "pca_evr_sum": 0.9598935842514038,
  "best_epoch": 22,
  "test_loss": 1.0248612775292667,
  "train_time_seconds": 22.501433849334717,
  "test_time_seconds": 18.399302005767822,
  "trainable_parameters": 2176,
  "OA": 0.7426177174780527,
  "AA": 0.8288463645790036,
  "Kappa": 0.7099808175412828,
  "Macro-F1": 0.6418005021822712,
  "Weighted-F1": 0.7499311646000644
}