{
  "dataset": "indian_pines",
  "model": "hybridsn_small_spectral_qnn_gated_fusion_supcon",
  "shot": 5,
  "seed": 3,
  "loss_mode": "supcon",
  "metric_weight": 0.2,
  "temperature": 0.2,
  "pca_evr_sum": 0.9598935842514038,
  "best_epoch": 29,
  "test_loss": 1.2387937627976549,
  "train_time_seconds": 27.2779061794281,
  "test_time_seconds": 18.49069094657898,
  "trainable_parameters": 2176,
  "OA": 0.7127893056664006,
  "AA": 0.8292449265463113,
  "Kappa": 0.6792434300305753,
  "Macro-F1": 0.6507672754230125,
  "Weighted-F1": 0.7359476587011572
}