{
  "dataset": "salinas",
  "model": "hybridsn_small_spectral_qnn_gated_fusion_supcon",
  "model_short": "spectral_qnn_gated_supcon",
  "shot": 5,
  "seed": 4,
  "loss_mode": "supcon",
  "metric_weight": 0.2,
  "temperature": 0.2,
  "num_classes": 16,
  "pca_fit_scope": "full_image_unsupervised",
  "pca_evr_sum": 0.9982954859733582,
  "patch_size": 19,
  "pca_bands": 30,
  "best_epoch": 13,
  "train_loss": 0.6099193930625916,
  "val_loss": 0.544848906993866,
  "test_loss": 0.6052418361440434,
  "train_time_seconds": 15.916671991348267,
  "test_time_seconds": 98.72919082641602,
  "trainable_parameters": 2176,
  "feature_path": "result/supcon_cross_dataset_pavia_salinas_20260525_183521/features/salinas_shot5_seed4_features.npz",
  "checkpoint": "result/supcon_cross_dataset_pavia_salinas_20260525_183521/checkpoints/salinas_spectral_gated_qnn_supcon_shot5_seed4.pt",
  "OA": 0.8939672289335486,
  "AA": 0.9412715389680589,
  "Kappa": 0.8826043303872393,
  "Macro-F1": 0.9310978134817193,
  "Weighted-F1": 0.8944741397529137
}