{
  "dataset": "indian_pines",
  "model": "knn",
  "shot": 10,
  "seed": 3,
  "OA": 0.3629234945209611,
  "AA": 0.5165696428455117,
  "Kappa": 0.29494993259624813,
  "Macro-F1": 0.36827124207707734,
  "Weighted-F1": 0.3828385106624003,
  "best_epoch": 0,
  "train_time_seconds": 0.0005898475646972656,
  "test_time_seconds": 0.0071887969970703125,
  "trainable_parameters": null,
  "train_size": 160,
  "validation_size": 142,
  "test_size": 9947,
  "pca_evr_sum": 0.9598935842514038,
  "pca_fit_scope": "full_image_unsupervised",
  "input": "center_pca_spectral_vector"
}