{
  "dataset": "indian_pines",
  "model": "random_forest",
  "shot": 5,
  "seed": 3,
  "OA": 0.3716081404628891,
  "AA": 0.47676877311788873,
  "Kappa": 0.2987751104272588,
  "Macro-F1": 0.35279845366943363,
  "Weighted-F1": 0.38454774544110676,
  "best_epoch": 0,
  "train_time_seconds": 0.1518406867980957,
  "test_time_seconds": 0.03943133354187012,
  "trainable_parameters": null,
  "train_size": 80,
  "validation_size": 145,
  "test_size": 10024,
  "pca_evr_sum": 0.9598935842514038,
  "pca_fit_scope": "full_image_unsupervised",
  "input": "center_pca_spectral_vector"
}