{
  "dataset": "indian_pines",
  "model": "random_forest",
  "shot": 1,
  "seed": 4,
  "OA": 0.12433075550267698,
  "AA": 0.22103811140275198,
  "Kappa": 0.07541380396488184,
  "Macro-F1": 0.12554346101327585,
  "Weighted-F1": 0.13025314451301687,
  "best_epoch": 0,
  "train_time_seconds": 0.14467477798461914,
  "test_time_seconds": 0.045397043228149414,
  "trainable_parameters": null,
  "train_size": 16,
  "validation_size": 147,
  "test_size": 10086,
  "pca_evr_sum": 0.9598935842514038,
  "pca_fit_scope": "full_image_unsupervised",
  "input": "center_pca_spectral_vector"
}