{
  "dataset": "indian_pines",
  "model": "svm_rbf",
  "shot": 5,
  "seed": 4,
  "OA": 0.39086193136472464,
  "AA": 0.5445186785516294,
  "Kappa": 0.32692921435766886,
  "Macro-F1": 0.40925481612765574,
  "Weighted-F1": 0.4179314881721756,
  "best_epoch": 0,
  "train_time_seconds": 0.0014190673828125,
  "test_time_seconds": 0.043187856674194336,
  "trainable_parameters": null,
  "train_size": 80,
  "validation_size": 145,
  "test_size": 10024,
  "pca_evr_sum": 0.9598935842514038,
  "pca_fit_scope": "full_image_unsupervised",
  "input": "center_pca_spectral_vector"
}