{
  "dataset": "indian_pines",
  "model": "random_forest",
  "shot": 10,
  "seed": 2,
  "OA": 0.4473710666532623,
  "AA": 0.5468999425997334,
  "Kappa": 0.3800441428919915,
  "Macro-F1": 0.4008103516831171,
  "Weighted-F1": 0.46295560652866125,
  "best_epoch": 0,
  "train_time_seconds": 0.15096592903137207,
  "test_time_seconds": 0.052262067794799805,
  "trainable_parameters": null,
  "train_size": 160,
  "validation_size": 142,
  "test_size": 9947,
  "pca_evr_sum": 0.9598935842514038,
  "pca_fit_scope": "full_image_unsupervised",
  "input": "center_pca_spectral_vector"
}