{
  "dataset": "indian_pines",
  "model": "random_forest",
  "shot": 1,
  "seed": 0,
  "OA": 0.17360697997223876,
  "AA": 0.20545585074777006,
  "Kappa": 0.11279301394288088,
  "Macro-F1": 0.12882986972551838,
  "Weighted-F1": 0.1371848028090407,
  "best_epoch": 0,
  "train_time_seconds": 0.1528787612915039,
  "test_time_seconds": 0.051189422607421875,
  "trainable_parameters": null,
  "train_size": 16,
  "validation_size": 147,
  "test_size": 10086,
  "pca_evr_sum": 0.9598935842514038,
  "pca_fit_scope": "full_image_unsupervised",
  "input": "center_pca_spectral_vector"
}