{
  "dataset": "indian_pines",
  "model": "random_forest",
  "shot": 10,
  "seed": 0,
  "OA": 0.4239469186689454,
  "AA": 0.5335513696989341,
  "Kappa": 0.35551123547810615,
  "Macro-F1": 0.3901733262039649,
  "Weighted-F1": 0.43477011470915156,
  "best_epoch": 0,
  "train_time_seconds": 0.14154791831970215,
  "test_time_seconds": 0.039546966552734375,
  "trainable_parameters": null,
  "train_size": 160,
  "validation_size": 142,
  "test_size": 9947,
  "pca_evr_sum": 0.9598935842514038,
  "pca_fit_scope": "full_image_unsupervised",
  "input": "center_pca_spectral_vector"
}