{
  "dataset": "indian_pines",
  "model": "svm_rbf",
  "shot": 10,
  "seed": 3,
  "OA": 0.40062330350859554,
  "AA": 0.5584545702215702,
  "Kappa": 0.332128355205644,
  "Macro-F1": 0.4220874756157616,
  "Weighted-F1": 0.4224090542127646,
  "best_epoch": 0,
  "train_time_seconds": 0.0024759769439697266,
  "test_time_seconds": 0.08138394355773926,
  "trainable_parameters": null,
  "train_size": 160,
  "validation_size": 142,
  "test_size": 9947,
  "pca_evr_sum": 0.9598935842514038,
  "pca_fit_scope": "full_image_unsupervised",
  "input": "center_pca_spectral_vector"
}