{
  "dataset": "indian_pines",
  "model": "random_forest",
  "shot": 1,
  "seed": 2,
  "OA": 0.12700773349196906,
  "AA": 0.19624973204720986,
  "Kappa": 0.06236996787453264,
  "Macro-F1": 0.12471317403003768,
  "Weighted-F1": 0.13705295903044384,
  "best_epoch": 0,
  "train_time_seconds": 0.1447279453277588,
  "test_time_seconds": 0.04554009437561035,
  "trainable_parameters": null,
  "train_size": 16,
  "validation_size": 147,
  "test_size": 10086,
  "pca_evr_sum": 0.9598935842514038,
  "pca_fit_scope": "full_image_unsupervised",
  "input": "center_pca_spectral_vector"
}