{
  "dataset": "indian_pines",
  "model": "random_forest",
  "shot": 10,
  "seed": 4,
  "OA": 0.4189202774705941,
  "AA": 0.5460103367967044,
  "Kappa": 0.3546183903011638,
  "Macro-F1": 0.4041224376092818,
  "Weighted-F1": 0.437606079245437,
  "best_epoch": 0,
  "train_time_seconds": 0.14479470252990723,
  "test_time_seconds": 0.05232119560241699,
  "trainable_parameters": null,
  "train_size": 160,
  "validation_size": 142,
  "test_size": 9947,
  "pca_evr_sum": 0.9598935842514038,
  "pca_fit_scope": "full_image_unsupervised",
  "input": "center_pca_spectral_vector"
}