{
  "dataset": "indian_pines",
  "model": "random_forest",
  "shot": 10,
  "seed": 1,
  "OA": 0.4044435508193425,
  "AA": 0.5408135110819893,
  "Kappa": 0.33690026192911104,
  "Macro-F1": 0.3634928933413065,
  "Weighted-F1": 0.42396512719672325,
  "best_epoch": 0,
  "train_time_seconds": 0.1441490650177002,
  "test_time_seconds": 0.04937601089477539,
  "trainable_parameters": null,
  "train_size": 160,
  "validation_size": 142,
  "test_size": 9947,
  "pca_evr_sum": 0.9598935842514038,
  "pca_fit_scope": "full_image_unsupervised",
  "input": "center_pca_spectral_vector"
}