{
  "dataset": "indian_pines",
  "model": "random_forest",
  "shot": 5,
  "seed": 1,
  "OA": 0.3699122106943336,
  "AA": 0.49972770366425656,
  "Kappa": 0.2998094248602001,
  "Macro-F1": 0.3322747124312756,
  "Weighted-F1": 0.38931197870250117,
  "best_epoch": 0,
  "train_time_seconds": 0.1427011489868164,
  "test_time_seconds": 0.03791189193725586,
  "trainable_parameters": null,
  "train_size": 80,
  "validation_size": 145,
  "test_size": 10024,
  "pca_evr_sum": 0.9598935842514038,
  "pca_fit_scope": "full_image_unsupervised",
  "input": "center_pca_spectral_vector"
}