{
  "dataset": "indian_pines",
  "model": "knn",
  "shot": 10,
  "seed": 0,
  "OA": 0.41329043932844073,
  "AA": 0.5387553865018083,
  "Kappa": 0.3451913166297258,
  "Macro-F1": 0.3855799943942037,
  "Weighted-F1": 0.42744042632324625,
  "best_epoch": 0,
  "train_time_seconds": 0.0005171298980712891,
  "test_time_seconds": 0.007216930389404297,
  "trainable_parameters": null,
  "train_size": 160,
  "validation_size": 142,
  "test_size": 9947,
  "pca_evr_sum": 0.9598935842514038,
  "pca_fit_scope": "full_image_unsupervised",
  "input": "center_pca_spectral_vector"
}