{
  "dataset": "indian_pines",
  "model": "svm_rbf",
  "shot": 10,
  "seed": 4,
  "OA": 0.4326932743540766,
  "AA": 0.5629457146743863,
  "Kappa": 0.37149395283641706,
  "Macro-F1": 0.44195984242898356,
  "Weighted-F1": 0.45735998532527716,
  "best_epoch": 0,
  "train_time_seconds": 0.0024101734161376953,
  "test_time_seconds": 0.08107209205627441,
  "trainable_parameters": null,
  "train_size": 160,
  "validation_size": 142,
  "test_size": 9947,
  "pca_evr_sum": 0.9598935842514038,
  "pca_fit_scope": "full_image_unsupervised",
  "input": "center_pca_spectral_vector"
}