{
  "dataset": "indian_pines",
  "model": "random_forest",
  "shot": 1,
  "seed": 3,
  "OA": 0.12690858615903233,
  "AA": 0.21513942457655127,
  "Kappa": 0.06979091468478615,
  "Macro-F1": 0.13598496561273454,
  "Weighted-F1": 0.12948974218470374,
  "best_epoch": 0,
  "train_time_seconds": 0.1423029899597168,
  "test_time_seconds": 0.04889512062072754,
  "trainable_parameters": null,
  "train_size": 16,
  "validation_size": 147,
  "test_size": 10086,
  "pca_evr_sum": 0.9598935842514038,
  "pca_fit_scope": "full_image_unsupervised",
  "input": "center_pca_spectral_vector"
}