{
  "dataset": "indian_pines",
  "model": "random_forest",
  "shot": 5,
  "seed": 2,
  "OA": 0.4161013567438148,
  "AA": 0.47094890241635057,
  "Kappa": 0.3415031701703851,
  "Macro-F1": 0.37178066849177227,
  "Weighted-F1": 0.4322871472817136,
  "best_epoch": 0,
  "train_time_seconds": 0.1538841724395752,
  "test_time_seconds": 0.06161785125732422,
  "trainable_parameters": null,
  "train_size": 80,
  "validation_size": 145,
  "test_size": 10024,
  "pca_evr_sum": 0.9598935842514038,
  "pca_fit_scope": "full_image_unsupervised",
  "input": "center_pca_spectral_vector"
}