{
  "dataset": "pavia_university",
  "model": "svm_rbf",
  "shot": 5,
  "seed": 3,
  "OA": 0.611172345864309,
  "AA": 0.7361153143059295,
  "Kappa": 0.5241857174736578,
  "Macro-F1": 0.6556158308825029,
  "Weighted-F1": 0.6251720672654812,
  "best_epoch": 0,
  "train_time_seconds": 0.0017578601837158203,
  "test_time_seconds": 0.09348821640014648,
  "trainable_parameters": null,
  "train_size": 45,
  "validation_size": 90,
  "test_size": 42641,
  "pca_evr_sum": 0.9996427893638611,
  "pca_fit_scope": "full_image_unsupervised",
  "input": "center_pca_spectral_vector"
}