{
  "dataset": "pavia_university",
  "model": "random_forest",
  "shot": 10,
  "seed": 0,
  "OA": 0.6117710583153347,
  "AA": 0.7484058745227608,
  "Kappa": 0.5281129678165022,
  "Macro-F1": 0.6731599148307734,
  "Weighted-F1": 0.6316403604715805,
  "best_epoch": 0,
  "train_time_seconds": 0.12586307525634766,
  "test_time_seconds": 0.10200381278991699,
  "trainable_parameters": null,
  "train_size": 90,
  "validation_size": 90,
  "test_size": 42596,
  "pca_evr_sum": 0.9996427893638611,
  "pca_fit_scope": "full_image_unsupervised",
  "input": "center_pca_spectral_vector"
}