class_id,class_name,precision,recall,f1,support
0,Asphalt,0.8864939687561796,0.6781122371804568,0.7684264655467946,6611
1,Meadows,0.8759170653907496,0.7370229212518117,0.8004897388059702,18629
2,Gravel,0.434963974213121,0.5517075517075517,0.4864291772688719,2079
3,Trees,0.6182330012992637,0.937910643889619,0.7452362307491517,3044
4,Painted metal sheets,0.9887976101568334,0.999245283018868,0.993993993993994,1325
5,Bare Soil,0.5542657084945642,0.6005190656817728,0.5764660789574549,5009
6,Bitumen,0.433112582781457,0.748854961832061,0.5488111888111888,1310
7,Self-Blocking Bricks,0.5587979094076655,0.7007099945385036,0.6217591470802035,3662
8,Shadows,0.9401622718052738,1.0,0.9691583899634083,927
