{
  "dataset": "pavia_university",
  "model": "random_forest",
  "shot": 5,
  "seed": 2,
  "OA": 0.5717267418681551,
  "AA": 0.6655029278208632,
  "Kappa": 0.4614585426894875,
  "Macro-F1": 0.6032225456076407,
  "Weighted-F1": 0.5839410830109472,
  "best_epoch": 0,
  "train_time_seconds": 0.13237690925598145,
  "test_time_seconds": 0.0888831615447998,
  "trainable_parameters": null,
  "train_size": 45,
  "validation_size": 90,
  "test_size": 42641,
  "pca_evr_sum": 0.9996427893638611,
  "pca_fit_scope": "full_image_unsupervised",
  "input": "center_pca_spectral_vector"
}