class_id,class_name,precision,recall,f1,support
0,Asphalt,0.93960460569194,0.6537182587666264,0.7710134593100989,6616
1,Meadows,0.8475428571428572,0.5969732746592251,0.7005258351963223,18634
2,Gravel,0.39418476260581525,0.513915547024952,0.4461570506144553,2084
3,Trees,0.6194174757281553,0.8369957363069859,0.7119542474543172,3049
4,Painted metal sheets,0.9872068230277186,0.6962406015037594,0.8165784832451499,1330
5,Bare Soil,0.36575833242861794,0.6719186278420423,0.4736731107205624,5014
6,Bitumen,0.45412667946257196,0.8996197718631179,0.6035714285714285,1315
7,Self-Blocking Bricks,0.6479963570127505,0.7761112626124897,0.7062911031145304,3667
8,Shadows,0.9989247311827957,0.9967811158798283,0.9978517722878625,932
