{
  "dataset": "pavia_university",
  "model": "knn",
  "shot": 5,
  "seed": 3,
  "OA": 0.5992120259843813,
  "AA": 0.7273924442408923,
  "Kappa": 0.5089525822084806,
  "Macro-F1": 0.6462399425540117,
  "Weighted-F1": 0.6156862756894877,
  "best_epoch": 0,
  "train_time_seconds": 0.001474142074584961,
  "test_time_seconds": 0.020254850387573242,
  "trainable_parameters": null,
  "train_size": 45,
  "validation_size": 90,
  "test_size": 42641,
  "pca_evr_sum": 0.9996427893638611,
  "pca_fit_scope": "full_image_unsupervised",
  "input": "center_pca_spectral_vector"
}