{
  "dataset": "pavia_university",
  "model": "random_forest",
  "shot": 5,
  "seed": 0,
  "OA": 0.5620177763185666,
  "AA": 0.6972263803459309,
  "Kappa": 0.4701775134321393,
  "Macro-F1": 0.611737424956612,
  "Weighted-F1": 0.5815143388836791,
  "best_epoch": 0,
  "train_time_seconds": 0.14161920547485352,
  "test_time_seconds": 0.09000182151794434,
  "trainable_parameters": null,
  "train_size": 45,
  "validation_size": 90,
  "test_size": 42641,
  "pca_evr_sum": 0.9996427893638611,
  "pca_fit_scope": "full_image_unsupervised",
  "input": "center_pca_spectral_vector"
}