{
  "dataset": "pavia_university",
  "model": "svm_rbf",
  "shot": 5,
  "seed": 2,
  "OA": 0.5626978729391899,
  "AA": 0.724219749968177,
  "Kappa": 0.4799326657424178,
  "Macro-F1": 0.6544334559522914,
  "Weighted-F1": 0.5737522906948546,
  "best_epoch": 0,
  "train_time_seconds": 0.001712799072265625,
  "test_time_seconds": 0.08898210525512695,
  "trainable_parameters": null,
  "train_size": 45,
  "validation_size": 90,
  "test_size": 42641,
  "pca_evr_sum": 0.9996427893638611,
  "pca_fit_scope": "full_image_unsupervised",
  "input": "center_pca_spectral_vector"
}