{
  "dataset": "pavia_university",
  "model": "random_forest",
  "shot": 1,
  "seed": 2,
  "OA": 0.2871804484851325,
  "AA": 0.337771415961745,
  "Kappa": 0.15106351846239474,
  "Macro-F1": 0.26544180063389056,
  "Weighted-F1": 0.3033688442338712,
  "best_epoch": 0,
  "train_time_seconds": 0.1299731731414795,
  "test_time_seconds": 0.07553815841674805,
  "trainable_parameters": null,
  "train_size": 9,
  "validation_size": 90,
  "test_size": 42677,
  "pca_evr_sum": 0.9996427893638611,
  "pca_fit_scope": "full_image_unsupervised",
  "input": "center_pca_spectral_vector"
}