class_id,class_name,precision,recall,f1,support
0,Asphalt,0.9812652728753734,0.5459214501510574,0.7015432398330583,6620
1,Meadows,0.792356969295339,0.19245627213220304,0.30969134470105764,18638
2,Gravel,0.21510119356512714,0.3970306513409962,0.27903062941770446,2088
3,Trees,0.45462270564242013,0.8761873566983295,0.5986348886651002,3053
4,Painted metal sheets,0.9915966386554622,0.5307346326836582,0.69140625,1334
5,Bare Soil,0.21648474671144696,0.616580310880829,0.3204557224236147,5018
6,Bitumen,0.36944869831546706,0.731614859742229,0.4909692190282371,1319
7,Self-Blocking Bricks,0.45788791707159054,0.7700898937619177,0.5743016759776536,3671
8,Shadows,0.9978655282817502,0.9989316239316239,0.9983982915109451,936
