class_id,class_name,precision,recall,f1,support
0,Asphalt,0.9525628140703517,0.7168355770685222,0.8180562748144312,6611
1,Meadows,0.8291409238011179,0.6051317837779806,0.6996431342125679,18629
2,Gravel,0.5115529285330468,0.45791245791245794,0.483248730964467,2079
3,Trees,0.47708674304418985,0.9576215505913273,0.6368800524360935,3044
4,Painted metal sheets,0.9338078291814946,0.990188679245283,0.9611721611721612,1325
5,Bare Soil,0.38466987815245113,0.542024356158914,0.4499875694041601,5009
6,Bitumen,0.5719194894452626,0.8893129770992366,0.6961458022109351,1310
7,Self-Blocking Bricks,0.6938378378378378,0.8762971054068814,0.7744660311331001,3662
8,Shadows,0.9967707212055974,0.9989212513484358,0.9978448275862069,927
