{
  "dataset": "pavia_university",
  "model": "knn",
  "shot": 1,
  "seed": 2,
  "OA": 0.5801485577711648,
  "AA": 0.6656712996803749,
  "Kappa": 0.47802907139214024,
  "Macro-F1": 0.5929841588429863,
  "Weighted-F1": 0.5891543547160417,
  "best_epoch": 0,
  "train_time_seconds": 0.0016009807586669922,
  "test_time_seconds": 0.01588606834411621,
  "trainable_parameters": null,
  "train_size": 9,
  "validation_size": 90,
  "test_size": 42677,
  "pca_evr_sum": 0.9996427893638611,
  "pca_fit_scope": "full_image_unsupervised",
  "input": "center_pca_spectral_vector"
}