{
  "dataset": "pavia_university",
  "model": "knn",
  "shot": 5,
  "seed": 4,
  "OA": 0.6482493374920851,
  "AA": 0.685767207406959,
  "Kappa": 0.5497870073537228,
  "Macro-F1": 0.6354108280308307,
  "Weighted-F1": 0.6561072620206613,
  "best_epoch": 0,
  "train_time_seconds": 0.0016779899597167969,
  "test_time_seconds": 0.07261204719543457,
  "trainable_parameters": null,
  "train_size": 45,
  "validation_size": 90,
  "test_size": 42641,
  "pca_evr_sum": 0.9996427893638611,
  "pca_fit_scope": "full_image_unsupervised",
  "input": "center_pca_spectral_vector"
}