{
  "dataset": "pavia_university",
  "model": "knn",
  "shot": 5,
  "seed": 0,
  "OA": 0.5472667151333224,
  "AA": 0.7150564563702942,
  "Kappa": 0.4661663951990844,
  "Macro-F1": 0.6187296133844957,
  "Weighted-F1": 0.5608758666386663,
  "best_epoch": 0,
  "train_time_seconds": 0.0015301704406738281,
  "test_time_seconds": 0.01933002471923828,
  "trainable_parameters": null,
  "train_size": 45,
  "validation_size": 90,
  "test_size": 42641,
  "pca_evr_sum": 0.9996427893638611,
  "pca_fit_scope": "full_image_unsupervised",
  "input": "center_pca_spectral_vector"
}