class_id,class_name,precision,recall,f1,support
0,Asphalt,0.9299892703862661,0.5240326481257558,0.6703402938901779,6616
1,Meadows,0.8669258748275429,0.3709348502736933,0.5195625211410531,18634
2,Gravel,0.3678373382624769,0.668426103646833,0.4745358541986033,2084
3,Trees,0.705989110707804,0.8930796982617252,0.7885896322038807,3049
4,Painted metal sheets,0.9771723122238586,0.9977443609022556,0.9873511904761905,1330
5,Bare Soil,0.24425795053003532,0.6617471080973275,0.3568125604903753,5014
6,Bitumen,0.3588235294117647,0.9277566539923955,0.5174973488865323,1315
7,Self-Blocking Bricks,0.5194248234106963,0.5614944095991273,0.5396409382780762,3667
8,Shadows,0.9414141414141414,1.0,0.9698231009365245,932
