class_id,class_name,precision,recall,f1,support
0,Asphalt,0.9395192556216077,0.5494256348246674,0.6933714830710539,6616
1,Meadows,0.7968296124159682,0.5152409573897178,0.625818857347717,18634
2,Gravel,0.36367127496159757,0.45441458733205375,0.4040102389078498,2084
3,Trees,0.38877965657360075,0.972777959986881,0.555534744334145,3049
4,Painted metal sheets,0.9433285509325682,0.9887218045112782,0.9654919236417033,1330
5,Bare Soil,0.36457304163726184,0.5151575588352613,0.4269774361517481,5014
6,Bitumen,0.31751139715741483,0.9003802281368821,0.46946867565424266,1315
7,Self-Blocking Bricks,0.7152694610778443,0.6514862285246795,0.6818895390323961,3667
8,Shadows,0.9883227176220807,0.9989270386266095,0.9935965848452508,932
