{
  "dataset": "pavia_university",
  "model": "random_forest",
  "shot": 10,
  "seed": 3,
  "OA": 0.6925767677716217,
  "AA": 0.7665021810590312,
  "Kappa": 0.6120258749269893,
  "Macro-F1": 0.7074418991825374,
  "Weighted-F1": 0.7030869678407166,
  "best_epoch": 0,
  "train_time_seconds": 0.15677309036254883,
  "test_time_seconds": 0.10256791114807129,
  "trainable_parameters": null,
  "train_size": 90,
  "validation_size": 90,
  "test_size": 42596,
  "pca_evr_sum": 0.9996427893638611,
  "pca_fit_scope": "full_image_unsupervised",
  "input": "center_pca_spectral_vector"
}