{
  "dataset": "pavia_university",
  "model": "svm_rbf",
  "shot": 10,
  "seed": 3,
  "OA": 0.6856512348577332,
  "AA": 0.7815828598454487,
  "Kappa": 0.6061319231999718,
  "Macro-F1": 0.7241605093260135,
  "Weighted-F1": 0.6945663344471646,
  "best_epoch": 0,
  "train_time_seconds": 0.0020918846130371094,
  "test_time_seconds": 0.15110516548156738,
  "trainable_parameters": null,
  "train_size": 90,
  "validation_size": 90,
  "test_size": 42596,
  "pca_evr_sum": 0.9996427893638611,
  "pca_fit_scope": "full_image_unsupervised",
  "input": "center_pca_spectral_vector"
}