{
  "dataset": "pavia_university",
  "model": "knn",
  "shot": 5,
  "seed": 2,
  "OA": 0.5739780961984944,
  "AA": 0.6879583426527293,
  "Kappa": 0.4814017105036563,
  "Macro-F1": 0.6243940659492677,
  "Weighted-F1": 0.5919620700180634,
  "best_epoch": 0,
  "train_time_seconds": 0.0015130043029785156,
  "test_time_seconds": 0.01945781707763672,
  "trainable_parameters": null,
  "train_size": 45,
  "validation_size": 90,
  "test_size": 42641,
  "pca_evr_sum": 0.9996427893638611,
  "pca_fit_scope": "full_image_unsupervised",
  "input": "center_pca_spectral_vector"
}