{
  "dataset": "pavia_university",
  "model": "svm_rbf",
  "shot": 10,
  "seed": 4,
  "OA": 0.7477697436379003,
  "AA": 0.7983386316313348,
  "Kappa": 0.6732041810331924,
  "Macro-F1": 0.7458200544937147,
  "Weighted-F1": 0.7512265106476954,
  "best_epoch": 0,
  "train_time_seconds": 0.0018548965454101562,
  "test_time_seconds": 0.14254307746887207,
  "trainable_parameters": null,
  "train_size": 90,
  "validation_size": 90,
  "test_size": 42596,
  "pca_evr_sum": 0.9996427893638611,
  "pca_fit_scope": "full_image_unsupervised",
  "input": "center_pca_spectral_vector"
}