{
  "dataset": "pavia_university",
  "model": "svm_rbf",
  "shot": 10,
  "seed": 0,
  "OA": 0.5996102920462015,
  "AA": 0.7370351044677557,
  "Kappa": 0.5144217859404685,
  "Macro-F1": 0.6823610128673283,
  "Weighted-F1": 0.6204598227859706,
  "best_epoch": 0,
  "train_time_seconds": 0.0020339488983154297,
  "test_time_seconds": 0.1481609344482422,
  "trainable_parameters": null,
  "train_size": 90,
  "validation_size": 90,
  "test_size": 42596,
  "pca_evr_sum": 0.9996427893638611,
  "pca_fit_scope": "full_image_unsupervised",
  "input": "center_pca_spectral_vector"
}