class_id,class_name,precision,recall,f1,support
0,Asphalt,0.9389946315275745,0.5820602026924823,0.7186478662806984,6611
1,Meadows,0.8727411798451095,0.48998872725320736,0.6276127612761276,18629
2,Gravel,0.3865427927927928,0.6604136604136605,0.48765760966080623,2079
3,Trees,0.8315235274761434,0.8301576872536137,0.8308400460299195,3044
4,Painted metal sheets,0.9858525688756515,0.999245283018868,0.992503748125937,1325
5,Bare Soil,0.3044642857142857,0.7488520662806948,0.4329159212880143,5009
6,Bitumen,0.3809688581314879,0.8404580152671756,0.5242857142857142,1310
7,Self-Blocking Bricks,0.5843558282208589,0.6242490442381212,0.6036440454185371,3662
8,Shadows,0.943031536113937,1.0,0.9706806282722513,927
