{
  "dataset": "pavia_university",
  "model": "svm_rbf",
  "shot": 10,
  "seed": 2,
  "OA": 0.7436144238895671,
  "AA": 0.7832641321415429,
  "Kappa": 0.6687277989481488,
  "Macro-F1": 0.7358143930291419,
  "Weighted-F1": 0.7541237745188271,
  "best_epoch": 0,
  "train_time_seconds": 0.0022652149200439453,
  "test_time_seconds": 0.14954805374145508,
  "trainable_parameters": null,
  "train_size": 90,
  "validation_size": 90,
  "test_size": 42596,
  "pca_evr_sum": 0.9996427893638611,
  "pca_fit_scope": "full_image_unsupervised",
  "input": "center_pca_spectral_vector"
}