{
  "dataset": "pavia_university",
  "model": "random_forest",
  "shot": 1,
  "seed": 0,
  "OA": 0.2980996789839961,
  "AA": 0.3790506602386477,
  "Kappa": 0.17178914748070395,
  "Macro-F1": 0.29852499936939303,
  "Weighted-F1": 0.3198085898748914,
  "best_epoch": 0,
  "train_time_seconds": 0.18387699127197266,
  "test_time_seconds": 0.13053512573242188,
  "trainable_parameters": null,
  "train_size": 9,
  "validation_size": 90,
  "test_size": 42677,
  "pca_evr_sum": 0.9996427893638611,
  "pca_fit_scope": "full_image_unsupervised",
  "input": "center_pca_spectral_vector"
}