{
  "dataset": "pavia_university",
  "model": "random_forest",
  "shot": 1,
  "seed": 1,
  "OA": 0.437636197483422,
  "AA": 0.4028585353524347,
  "Kappa": 0.28798976800404885,
  "Macro-F1": 0.3953080895196264,
  "Weighted-F1": 0.45761263001178143,
  "best_epoch": 0,
  "train_time_seconds": 0.14990973472595215,
  "test_time_seconds": 0.07698822021484375,
  "trainable_parameters": null,
  "train_size": 9,
  "validation_size": 90,
  "test_size": 42677,
  "pca_evr_sum": 0.9996427893638611,
  "pca_fit_scope": "full_image_unsupervised",
  "input": "center_pca_spectral_vector"
}