class_id,class_name,precision,recall,f1,support
0,Asphalt,0.9548814682640836,0.5662031438935913,0.7108833855204478,6616
1,Meadows,0.8725375359386647,0.43973381989910915,0.5847636039250669,18634
2,Gravel,0.37815619495008806,0.30902111324376197,0.34011090573012936,2084
3,Trees,0.6829268292682927,0.77140045916694,0.7244725088556907,3049
4,Painted metal sheets,0.9555984555984556,0.7443609022556391,0.8368554522400676,1330
5,Bare Soil,0.27567024646527083,0.7116074990027922,0.3973937740157042,5014
6,Bitumen,0.3189289501590668,0.914828897338403,0.4729703164930214,1315
7,Self-Blocking Bricks,0.5010023692363769,0.7496591218980093,0.6006117544242954,3667
8,Shadows,0.9883227176220807,0.9989270386266095,0.9935965848452508,932
