class_id,class_name,precision,recall,f1,support
0,Asphalt,0.8955067920585162,0.6481621539857813,0.752018252018252,6611
1,Meadows,0.8556786131939189,0.6677223683504214,0.7501055297593922,18629
2,Gravel,0.45593337959750174,0.6320346320346321,0.5297319088893369,2079
3,Trees,0.5330533235938641,0.9589356110381078,0.6852112676056338,3044
4,Painted metal sheets,0.9836674090571641,1.0,0.9917664670658682,1325
5,Bare Soil,0.43405353111899386,0.537432621281693,0.48024261885648023,5009
6,Bitumen,0.410333048676345,0.733587786259542,0.5262869660460022,1310
7,Self-Blocking Bricks,0.6545138888888888,0.7206444565811032,0.6859890824018716,3662
8,Shadows,0.9335347432024169,1.0,0.965625,927
