{
  "dataset": "pavia_university",
  "model": "svm_rbf",
  "shot": 1,
  "seed": 1,
  "OA": 0.5070881270942194,
  "AA": 0.6154066720118725,
  "Kappa": 0.40457992220065875,
  "Macro-F1": 0.546229213963404,
  "Weighted-F1": 0.5277907136269162,
  "best_epoch": 0,
  "train_time_seconds": 0.0015819072723388672,
  "test_time_seconds": 0.02989792823791504,
  "trainable_parameters": null,
  "train_size": 9,
  "validation_size": 90,
  "test_size": 42677,
  "pca_evr_sum": 0.9996427893638611,
  "pca_fit_scope": "full_image_unsupervised",
  "input": "center_pca_spectral_vector"
}