class_id,class_name,precision,recall,f1,support
0,Asphalt,0.7996506550218341,0.6924822265920436,0.7422178988326849,6611
1,Meadows,0.8493779318784418,0.4470986096945622,0.585827325479163,18629
2,Gravel,0.4267198404785643,0.6176046176046176,0.5047169811320755,2079
3,Trees,0.7114854517611026,0.7631406044678055,0.7364083055951814,3044
4,Painted metal sheets,0.9114799446749654,0.9947169811320755,0.9512811259473114,1325
5,Bare Soil,0.2648682757532734,0.6703932920742663,0.37971391417425226,5009
6,Bitumen,0.4334020618556701,0.8022900763358779,0.5627844712182062,1310
7,Self-Blocking Bricks,0.7165259348612787,0.6488257782632442,0.6809974204643164,3662
8,Shadows,0.9978401727861771,0.9967637540453075,0.9973016729627631,927
