{
  "dataset": "pavia_university",
  "model": "svm_rbf",
  "shot": 5,
  "seed": 0,
  "OA": 0.5877910930794306,
  "AA": 0.7364773518621489,
  "Kappa": 0.5059969082481105,
  "Macro-F1": 0.6594535259955759,
  "Weighted-F1": 0.6019311879424878,
  "best_epoch": 0,
  "train_time_seconds": 0.0017490386962890625,
  "test_time_seconds": 0.08892107009887695,
  "trainable_parameters": null,
  "train_size": 45,
  "validation_size": 90,
  "test_size": 42641,
  "pca_evr_sum": 0.9996427893638611,
  "pca_fit_scope": "full_image_unsupervised",
  "input": "center_pca_spectral_vector"
}