{
  "dataset": "pavia_university",
  "model": "svm_rbf",
  "shot": 10,
  "seed": 1,
  "OA": 0.7237064513099821,
  "AA": 0.7627980200640558,
  "Kappa": 0.640772061480179,
  "Macro-F1": 0.7249215583313876,
  "Weighted-F1": 0.7324577334805941,
  "best_epoch": 0,
  "train_time_seconds": 0.0023391246795654297,
  "test_time_seconds": 0.14829277992248535,
  "trainable_parameters": null,
  "train_size": 90,
  "validation_size": 90,
  "test_size": 42596,
  "pca_evr_sum": 0.9996427893638611,
  "pca_fit_scope": "full_image_unsupervised",
  "input": "center_pca_spectral_vector"
}