{
  "dataset": "pavia_university",
  "model": "random_forest",
  "shot": 5,
  "seed": 4,
  "OA": 0.6537370136722872,
  "AA": 0.708362435559711,
  "Kappa": 0.5606219384850497,
  "Macro-F1": 0.6501592637843784,
  "Weighted-F1": 0.6676665263444079,
  "best_epoch": 0,
  "train_time_seconds": 0.2757129669189453,
  "test_time_seconds": 0.12795495986938477,
  "trainable_parameters": null,
  "train_size": 45,
  "validation_size": 90,
  "test_size": 42641,
  "pca_evr_sum": 0.9996427893638611,
  "pca_fit_scope": "full_image_unsupervised",
  "input": "center_pca_spectral_vector"
}