{
  "dataset": "pavia_university",
  "model": "svm_rbf",
  "shot": 5,
  "seed": 1,
  "OA": 0.5819516427851129,
  "AA": 0.7287694169267657,
  "Kappa": 0.49793827990084294,
  "Macro-F1": 0.6587534866964986,
  "Weighted-F1": 0.6049731755330412,
  "best_epoch": 0,
  "train_time_seconds": 0.0017609596252441406,
  "test_time_seconds": 0.09036803245544434,
  "trainable_parameters": null,
  "train_size": 45,
  "validation_size": 90,
  "test_size": 42641,
  "pca_evr_sum": 0.9996427893638611,
  "pca_fit_scope": "full_image_unsupervised",
  "input": "center_pca_spectral_vector"
}