{
  "dataset": "pavia_university",
  "model": "svm_rbf",
  "shot": 5,
  "seed": 4,
  "OA": 0.6642667854881452,
  "AA": 0.7380304662732252,
  "Kappa": 0.5810744697962118,
  "Macro-F1": 0.6919573878349697,
  "Weighted-F1": 0.680797199154482,
  "best_epoch": 0,
  "train_time_seconds": 0.0017311573028564453,
  "test_time_seconds": 0.08447074890136719,
  "trainable_parameters": null,
  "train_size": 45,
  "validation_size": 90,
  "test_size": 42641,
  "pca_evr_sum": 0.9996427893638611,
  "pca_fit_scope": "full_image_unsupervised",
  "input": "center_pca_spectral_vector"
}