{
  "dataset": "pavia_university",
  "model": "svm_rbf",
  "shot": 1,
  "seed": 4,
  "OA": 0.45068772406682756,
  "AA": 0.6288385612580938,
  "Kappa": 0.369541189058756,
  "Macro-F1": 0.5516034735063745,
  "Weighted-F1": 0.44631124974670267,
  "best_epoch": 0,
  "train_time_seconds": 0.0015769004821777344,
  "test_time_seconds": 0.030873775482177734,
  "trainable_parameters": null,
  "train_size": 9,
  "validation_size": 90,
  "test_size": 42677,
  "pca_evr_sum": 0.9996427893638611,
  "pca_fit_scope": "full_image_unsupervised",
  "input": "center_pca_spectral_vector"
}