{
  "dataset": "pavia_university",
  "model": "random_forest",
  "shot": 1,
  "seed": 3,
  "OA": 0.280525810155353,
  "AA": 0.3597858223553844,
  "Kappa": 0.16206459768920423,
  "Macro-F1": 0.2924859248604955,
  "Weighted-F1": 0.32095468144863415,
  "best_epoch": 0,
  "train_time_seconds": 0.13304615020751953,
  "test_time_seconds": 0.08886599540710449,
  "trainable_parameters": null,
  "train_size": 9,
  "validation_size": 90,
  "test_size": 42677,
  "pca_evr_sum": 0.9996427893638611,
  "pca_fit_scope": "full_image_unsupervised",
  "input": "center_pca_spectral_vector"
}