{
  "dataset": "pavia_university",
  "model": "knn",
  "shot": 1,
  "seed": 0,
  "OA": 0.499589943060665,
  "AA": 0.6235249572235095,
  "Kappa": 0.39195718797976553,
  "Macro-F1": 0.5400106441870858,
  "Weighted-F1": 0.5197601241784015,
  "best_epoch": 0,
  "train_time_seconds": 0.0014002323150634766,
  "test_time_seconds": 0.017241954803466797,
  "trainable_parameters": null,
  "train_size": 9,
  "validation_size": 90,
  "test_size": 42677,
  "pca_evr_sum": 0.9996427893638611,
  "pca_fit_scope": "full_image_unsupervised",
  "input": "center_pca_spectral_vector"
}