class_id,class_name,precision,recall,f1,support
0,Asphalt,0.9626865671641791,0.6044437726723095,0.7426183844011142,6616
1,Meadows,0.8038230279098986,0.48068047654824514,0.6016052658091816,18634
2,Gravel,0.2787709497206704,0.47888675623800386,0.3524011299435028,2084
3,Trees,0.40642954856361146,0.974417841915382,0.5736074910705666,3049
4,Painted metal sheets,0.9573283858998145,0.7759398496240602,0.8571428571428571,1330
5,Bare Soil,0.280716368179925,0.4032708416433985,0.33101416059589095,5014
6,Bitumen,0.4629546475078581,0.7840304182509505,0.5821569734613213,1315
7,Self-Blocking Bricks,0.5061925689172992,0.691028088355604,0.5843422114608555,3667
8,Shadows,0.9904255319148936,0.9989270386266095,0.9946581196581197,932
