class_id,class_name,precision,recall,f1,support
0,Asphalt,0.9513779968630965,0.6417775090689238,0.7664951710443181,6616
1,Meadows,0.8098144823459007,0.3630997102071482,0.5013894549631331,18634
2,Gravel,0.260517376535145,0.4784069097888676,0.33733716799187957,2084
3,Trees,0.41880464382972626,0.9583469990160708,0.582884500299222,3049
4,Painted metal sheets,0.9863117870722433,0.975187969924812,0.9807183364839319,1330
5,Bare Soil,0.3011938394240408,0.6591543677702433,0.4134609370113217,5014
6,Bitumen,0.5790711346266901,0.7490494296577946,0.653183023872679,1315
7,Self-Blocking Bricks,0.6210346510492923,0.6940278156531224,0.6555054732775274,3667
8,Shadows,0.9989270386266095,0.9989270386266095,0.9989270386266095,932
