class_id,class_name,precision,recall,f1,support
0,Asphalt,0.9709897610921502,0.6024807139615792,0.7435825632409222,6611
1,Meadows,0.85452865064695,0.4963229373557357,0.6279330367754423,18629
2,Gravel,0.33937914196023716,0.468013468013468,0.39344925192074404,2079
3,Trees,0.7232835820895522,0.7959921156373193,0.7578980294025649,3044
4,Painted metal sheets,0.9534883720930233,0.990188679245283,0.9714920399851906,1325
5,Bare Soil,0.3025749261291684,0.7155120782591335,0.4252996321348048,5009
6,Bitumen,0.4013961605584642,0.8778625954198473,0.5508982035928144,1310
7,Self-Blocking Bricks,0.6321476812246736,0.766794101583834,0.6929911154985192,3662
8,Shadows,0.9967707212055974,0.9989212513484358,0.9978448275862069,927
