{
  "dataset": "pavia_university",
  "model": "random_forest",
  "shot": 10,
  "seed": 1,
  "OA": 0.6166071931636773,
  "AA": 0.7528249651575359,
  "Kappa": 0.5341742816073924,
  "Macro-F1": 0.6876431489597784,
  "Weighted-F1": 0.6401169002450569,
  "best_epoch": 0,
  "train_time_seconds": 0.15649628639221191,
  "test_time_seconds": 0.10096573829650879,
  "trainable_parameters": null,
  "train_size": 90,
  "validation_size": 90,
  "test_size": 42596,
  "pca_evr_sum": 0.9996427893638611,
  "pca_fit_scope": "full_image_unsupervised",
  "input": "center_pca_spectral_vector"
}