{
  "dataset": "pavia_university",
  "model": "knn",
  "shot": 10,
  "seed": 1,
  "OA": 0.6198938867499296,
  "AA": 0.745787548980515,
  "Kappa": 0.5363679966331883,
  "Macro-F1": 0.6845987444596899,
  "Weighted-F1": 0.6418578397290421,
  "best_epoch": 0,
  "train_time_seconds": 0.0021538734436035156,
  "test_time_seconds": 0.028352022171020508,
  "trainable_parameters": null,
  "train_size": 90,
  "validation_size": 90,
  "test_size": 42596,
  "pca_evr_sum": 0.9996427893638611,
  "pca_fit_scope": "full_image_unsupervised",
  "input": "center_pca_spectral_vector"
}