class_id,class_name,precision,recall,f1,support
0,Asphalt,0.738544474393531,0.538391777509069,0.6227817116880846,6616
1,Meadows,0.8159439386679445,0.7310829666201567,0.7711859609397113,18634
2,Gravel,0.36099976420655505,0.7346449136276392,0.4841106719367589,2084
3,Trees,0.47854462391907326,0.9619547392587734,0.6391370668991065,3049
4,Painted metal sheets,0.977924944812362,0.9992481203007518,0.9884715507623651,1330
5,Bare Soil,0.4745603015075377,0.30135620263262863,0.36862649426689437,5014
6,Bitumen,0.26700251889168763,0.5642585551330799,0.36248168050806057,1315
7,Self-Blocking Bricks,0.5873889123994922,0.3785110444505045,0.4603648424543947,3667
8,Shadows,0.8716026241799437,0.9978540772532188,0.9304652326163082,932
