class_id,class_name,precision,recall,f1,support
0,Asphalt,0.8500255493101686,0.5028718258766627,0.631908831908832,6616
1,Meadows,0.8441781913198649,0.7108511323387356,0.7717989803350328,18634
2,Gravel,0.2685021470068199,0.5100767754318618,0.3518120139003806,2084
3,Trees,0.6322535539501282,0.8897999344047228,0.7392370572207084,3049
4,Painted metal sheets,0.9954022988505747,0.9766917293233083,0.9859582542694497,1330
5,Bare Soil,0.46944307540660424,0.379936178699641,0.419973544973545,5014
6,Bitumen,0.28012475191380776,0.7513307984790875,0.4080958281701776,1315
7,Self-Blocking Bricks,0.48713793801903993,0.6558494682301609,0.5590423059042305,3667
8,Shadows,0.9697601668404588,0.9978540772532188,0.9836065573770492,932
