{
  "dataset": "pavia_university",
  "model": "random_forest",
  "shot": 10,
  "seed": 2,
  "OA": 0.7045966757442014,
  "AA": 0.7554883307194111,
  "Kappa": 0.6199219744321998,
  "Macro-F1": 0.6982411548956673,
  "Weighted-F1": 0.7116483756797914,
  "best_epoch": 0,
  "train_time_seconds": 0.1441788673400879,
  "test_time_seconds": 0.11401700973510742,
  "trainable_parameters": null,
  "train_size": 90,
  "validation_size": 90,
  "test_size": 42596,
  "pca_evr_sum": 0.9996427893638611,
  "pca_fit_scope": "full_image_unsupervised",
  "input": "center_pca_spectral_vector"
}