{
  "dataset": "pavia_university",
  "model": "knn",
  "shot": 10,
  "seed": 3,
  "OA": 0.6568222368297493,
  "AA": 0.7464290106126998,
  "Kappa": 0.56950712590061,
  "Macro-F1": 0.6747211565015018,
  "Weighted-F1": 0.6648856368150002,
  "best_epoch": 0,
  "train_time_seconds": 0.0016169548034667969,
  "test_time_seconds": 0.01982593536376953,
  "trainable_parameters": null,
  "train_size": 90,
  "validation_size": 90,
  "test_size": 42596,
  "pca_evr_sum": 0.9996427893638611,
  "pca_fit_scope": "full_image_unsupervised",
  "input": "center_pca_spectral_vector"
}