class_id,class_name,precision,recall,f1,support
0,Asphalt,0.39213197969543145,0.04667673716012084,0.08342332613390929,6620
1,Meadows,0.5867310443490701,0.3520764030475373,0.4400777949165046,18638
2,Gravel,0.14591101168282378,0.2811302681992337,0.1921125838651612,2088
3,Trees,0.16072600043734966,0.48149361283982967,0.24100336093122388,3053
4,Painted metal sheets,0.9686567164179104,0.48650674662668664,0.6477045908183633,1334
5,Bare Soil,0.2096514745308311,0.15583897967317656,0.17878372199359854,5018
6,Bitumen,0.08072778661013955,0.3464746019711903,0.130945558739255,1319
7,Self-Blocking Bricks,0.279780295228287,0.2220103514028875,0.24756986634264885,3671
8,Shadows,0.13700131521262604,0.6677350427350427,0.22735540196435067,936
