{
  "dataset": "pavia_university",
  "model": "knn",
  "shot": 1,
  "seed": 3,
  "OA": 0.5581695058228086,
  "AA": 0.6225779352935957,
  "Kappa": 0.4420978744953844,
  "Macro-F1": 0.519469762786374,
  "Weighted-F1": 0.5566947673221231,
  "best_epoch": 0,
  "train_time_seconds": 0.0012707710266113281,
  "test_time_seconds": 0.014365196228027344,
  "trainable_parameters": null,
  "train_size": 9,
  "validation_size": 90,
  "test_size": 42677,
  "pca_evr_sum": 0.9996427893638611,
  "pca_fit_scope": "full_image_unsupervised",
  "input": "center_pca_spectral_vector"
}