{
  "dataset": "pavia_university",
  "model": "random_forest",
  "shot": 10,
  "seed": 4,
  "OA": 0.7282608695652174,
  "AA": 0.7726758510111826,
  "Kappa": 0.6527295869794432,
  "Macro-F1": 0.7234189345752264,
  "Weighted-F1": 0.7364769266333706,
  "best_epoch": 0,
  "train_time_seconds": 0.14342594146728516,
  "test_time_seconds": 0.10547113418579102,
  "trainable_parameters": null,
  "train_size": 90,
  "validation_size": 90,
  "test_size": 42596,
  "pca_evr_sum": 0.9996427893638611,
  "pca_fit_scope": "full_image_unsupervised",
  "input": "center_pca_spectral_vector"
}