{
  "dataset": "pavia_university",
  "model": "knn",
  "shot": 10,
  "seed": 4,
  "OA": 0.7002065921682787,
  "AA": 0.7554197622958312,
  "Kappa": 0.6134963970624244,
  "Macro-F1": 0.7014067216535279,
  "Weighted-F1": 0.7062343774212363,
  "best_epoch": 0,
  "train_time_seconds": 0.0019078254699707031,
  "test_time_seconds": 0.021166086196899414,
  "trainable_parameters": null,
  "train_size": 90,
  "validation_size": 90,
  "test_size": 42596,
  "pca_evr_sum": 0.9996427893638611,
  "pca_fit_scope": "full_image_unsupervised",
  "input": "center_pca_spectral_vector"
}