{
  "dataset": "pavia_university",
  "model": "random_forest",
  "shot": 5,
  "seed": 3,
  "OA": 0.6460683379845689,
  "AA": 0.6897002663095358,
  "Kappa": 0.5457232865927801,
  "Macro-F1": 0.6252916902301872,
  "Weighted-F1": 0.648277335116096,
  "best_epoch": 0,
  "train_time_seconds": 0.13421893119812012,
  "test_time_seconds": 0.07961297035217285,
  "trainable_parameters": null,
  "train_size": 45,
  "validation_size": 90,
  "test_size": 42641,
  "pca_evr_sum": 0.9996427893638611,
  "pca_fit_scope": "full_image_unsupervised",
  "input": "center_pca_spectral_vector"
}