{
  "dataset": "pavia_university",
  "model": "knn",
  "shot": 10,
  "seed": 0,
  "OA": 0.5346041881866842,
  "AA": 0.7197190358926849,
  "Kappa": 0.45006180341017576,
  "Macro-F1": 0.6363870300587597,
  "Weighted-F1": 0.5476509386799876,
  "best_epoch": 0,
  "train_time_seconds": 0.0013158321380615234,
  "test_time_seconds": 0.020702838897705078,
  "trainable_parameters": null,
  "train_size": 90,
  "validation_size": 90,
  "test_size": 42596,
  "pca_evr_sum": 0.9996427893638611,
  "pca_fit_scope": "full_image_unsupervised",
  "input": "center_pca_spectral_vector"
}