class_id,class_name,precision,recall,f1,support
0,Asphalt,0.9641866913123844,0.6312206927847527,0.7629582228722918,6611
1,Meadows,0.8617107706592386,0.7970905577325675,0.828141992694013,18629
2,Gravel,0.35085945399393326,0.6676286676286677,0.459983429991715,2079
3,Trees,0.47538901238488407,0.9835742444152431,0.6409762363519589,3044
4,Painted metal sheets,0.9776286353467561,0.9894339622641509,0.9834958739684921,1325
5,Bare Soil,0.8271057631412286,0.5214613695348372,0.6396473613321906,5009
6,Bitumen,0.5119388729703916,0.8183206106870229,0.6298472385428907,1310
7,Self-Blocking Bricks,0.7206378411530205,0.6417258328782086,0.6788964321825798,3662
8,Shadows,0.9978448275862069,0.9989212513484358,0.9983827493261456,927
