class_id,class_name,precision,recall,f1,support
0,Asphalt,0.970970970970971,0.5869006201784904,0.7315923446780428,6611
1,Meadows,0.8146496815286625,0.6179075634763004,0.7027687047834184,18629
2,Gravel,0.39487179487179486,0.2962962962962963,0.33855454795273426,2079
3,Trees,0.453125,0.9622207621550591,0.6161127471602861,3044
4,Painted metal sheets,0.9431654676258993,0.9894339622641509,0.9657458563535911,1325
5,Bare Soil,0.3914747672709456,0.4785386304651627,0.4306503772906935,5009
6,Bitumen,0.38807429130009774,0.9091603053435114,0.5439598081753825,1310
7,Self-Blocking Bricks,0.6528003246753247,0.8784817039868924,0.7490104772991851,3662
8,Shadows,0.9893162393162394,0.9989212513484358,0.9940955448201825,927
