{
  "dataset": "salinas",
  "model": "svm_rbf",
  "shot": 10,
  "seed": 4,
  "OA": 0.8055715586611905,
  "AA": 0.9009530390111743,
  "Kappa": 0.785044290903088,
  "Macro-F1": 0.8872336159486364,
  "Weighted-F1": 0.8039762764230625,
  "best_epoch": 0,
  "train_time_seconds": 0.0033228397369384766,
  "test_time_seconds": 0.37575602531433105,
  "trainable_parameters": null,
  "train_size": 160,
  "validation_size": 160,
  "test_size": 53809,
  "pca_evr_sum": 0.9982954859733582,
  "pca_fit_scope": "full_image_unsupervised",
  "input": "center_pca_spectral_vector"
}