{
  "dataset": "salinas",
  "model": "svm_rbf",
  "shot": 10,
  "seed": 3,
  "OA": 0.8425542195543496,
  "AA": 0.9051986794447586,
  "Kappa": 0.8248833652219063,
  "Macro-F1": 0.8979667730399993,
  "Weighted-F1": 0.842151038057515,
  "best_epoch": 0,
  "train_time_seconds": 0.0035550594329833984,
  "test_time_seconds": 0.3875269889831543,
  "trainable_parameters": null,
  "train_size": 160,
  "validation_size": 160,
  "test_size": 53809,
  "pca_evr_sum": 0.9982954859733582,
  "pca_fit_scope": "full_image_unsupervised",
  "input": "center_pca_spectral_vector"
}