{
  "dataset": "salinas",
  "model": "knn",
  "shot": 1,
  "seed": 2,
  "OA": 0.6771263877819583,
  "AA": 0.7785720784237828,
  "Kappa": 0.64532644410932,
  "Macro-F1": 0.7288207911553416,
  "Weighted-F1": 0.6396264688757984,
  "best_epoch": 0,
  "train_time_seconds": 0.001760721206665039,
  "test_time_seconds": 0.03080010414123535,
  "trainable_parameters": null,
  "train_size": 16,
  "validation_size": 160,
  "test_size": 53953,
  "pca_evr_sum": 0.9982954859733582,
  "pca_fit_scope": "full_image_unsupervised",
  "input": "center_pca_spectral_vector"
}