{
  "dataset": "salinas",
  "model": "knn",
  "shot": 10,
  "seed": 3,
  "OA": 0.8084149491720716,
  "AA": 0.878597112160122,
  "Kappa": 0.7874136947626778,
  "Macro-F1": 0.8595946661957803,
  "Weighted-F1": 0.8092404767430861,
  "best_epoch": 0,
  "train_time_seconds": 0.0024671554565429688,
  "test_time_seconds": 0.05765390396118164,
  "trainable_parameters": null,
  "train_size": 160,
  "validation_size": 160,
  "test_size": 53809,
  "pca_evr_sum": 0.9982954859733582,
  "pca_fit_scope": "full_image_unsupervised",
  "input": "center_pca_spectral_vector"
}