{
  "dataset": "salinas",
  "model": "svm_rbf",
  "shot": 1,
  "seed": 3,
  "OA": 0.6684521713343095,
  "AA": 0.7360037431473603,
  "Kappa": 0.6326310322391497,
  "Macro-F1": 0.6846333330154052,
  "Weighted-F1": 0.6551347443679327,
  "best_epoch": 0,
  "train_time_seconds": 0.0025589466094970703,
  "test_time_seconds": 0.06282687187194824,
  "trainable_parameters": null,
  "train_size": 16,
  "validation_size": 160,
  "test_size": 53953,
  "pca_evr_sum": 0.9982954859733582,
  "pca_fit_scope": "full_image_unsupervised",
  "input": "center_pca_spectral_vector"
}