{
  "dataset": "salinas",
  "model": "random_forest",
  "shot": 10,
  "seed": 1,
  "OA": 0.8288947945510974,
  "AA": 0.8986358660344278,
  "Kappa": 0.8096903317341392,
  "Macro-F1": 0.8928085164849399,
  "Weighted-F1": 0.8289612163087189,
  "best_epoch": 0,
  "train_time_seconds": 0.21564412117004395,
  "test_time_seconds": 0.2063150405883789,
  "trainable_parameters": null,
  "train_size": 160,
  "validation_size": 160,
  "test_size": 53809,
  "pca_evr_sum": 0.9982954859733582,
  "pca_fit_scope": "full_image_unsupervised",
  "input": "center_pca_spectral_vector"
}