{
  "dataset": "salinas",
  "model": "knn",
  "shot": 10,
  "seed": 4,
  "OA": 0.7909085840658626,
  "AA": 0.8749990124118014,
  "Kappa": 0.7688669046628156,
  "Macro-F1": 0.8596396426296056,
  "Weighted-F1": 0.7885119402252542,
  "best_epoch": 0,
  "train_time_seconds": 0.0020210742950439453,
  "test_time_seconds": 0.07411003112792969,
  "trainable_parameters": null,
  "train_size": 160,
  "validation_size": 160,
  "test_size": 53809,
  "pca_evr_sum": 0.9982954859733582,
  "pca_fit_scope": "full_image_unsupervised",
  "input": "center_pca_spectral_vector"
}