{
  "dataset": "salinas",
  "model": "knn",
  "shot": 5,
  "seed": 1,
  "OA": 0.7378685817142645,
  "AA": 0.8312965384081095,
  "Kappa": 0.7121512191683907,
  "Macro-F1": 0.7912798728742205,
  "Weighted-F1": 0.7214756438985733,
  "best_epoch": 0,
  "train_time_seconds": 0.002735137939453125,
  "test_time_seconds": 0.033502817153930664,
  "trainable_parameters": null,
  "train_size": 80,
  "validation_size": 160,
  "test_size": 53889,
  "pca_evr_sum": 0.9982954859733582,
  "pca_fit_scope": "full_image_unsupervised",
  "input": "center_pca_spectral_vector"
}