{
  "dataset": "salinas",
  "model": "svm_rbf",
  "shot": 10,
  "seed": 0,
  "OA": 0.8254381237339479,
  "AA": 0.896322781702185,
  "Kappa": 0.8057628097982171,
  "Macro-F1": 0.8912968877544123,
  "Weighted-F1": 0.8260733517669723,
  "best_epoch": 0,
  "train_time_seconds": 0.003304004669189453,
  "test_time_seconds": 0.3875610828399658,
  "trainable_parameters": null,
  "train_size": 160,
  "validation_size": 160,
  "test_size": 53809,
  "pca_evr_sum": 0.9982954859733582,
  "pca_fit_scope": "full_image_unsupervised",
  "input": "center_pca_spectral_vector"
}