{
  "dataset": "salinas",
  "model": "knn",
  "shot": 10,
  "seed": 1,
  "OA": 0.7869687227043803,
  "AA": 0.8675575793070089,
  "Kappa": 0.7644821856190703,
  "Macro-F1": 0.8443368208730304,
  "Weighted-F1": 0.7848715718661774,
  "best_epoch": 0,
  "train_time_seconds": 0.0020122528076171875,
  "test_time_seconds": 0.03725695610046387,
  "trainable_parameters": null,
  "train_size": 160,
  "validation_size": 160,
  "test_size": 53809,
  "pca_evr_sum": 0.9982954859733582,
  "pca_fit_scope": "full_image_unsupervised",
  "input": "center_pca_spectral_vector"
}