{
  "dataset": "salinas",
  "model": "svm_rbf",
  "shot": 5,
  "seed": 1,
  "OA": 0.783313848837425,
  "AA": 0.8686919460128388,
  "Kappa": 0.7604283875488909,
  "Macro-F1": 0.8501655142918956,
  "Weighted-F1": 0.7822685663207843,
  "best_epoch": 0,
  "train_time_seconds": 0.0030121803283691406,
  "test_time_seconds": 0.23639488220214844,
  "trainable_parameters": null,
  "train_size": 80,
  "validation_size": 160,
  "test_size": 53889,
  "pca_evr_sum": 0.9982954859733582,
  "pca_fit_scope": "full_image_unsupervised",
  "input": "center_pca_spectral_vector"
}