{
  "dataset": "salinas",
  "model": "svm_rbf",
  "shot": 10,
  "seed": 1,
  "OA": 0.8351391031240127,
  "AA": 0.9048994413295148,
  "Kappa": 0.8172279656856277,
  "Macro-F1": 0.8903748276381995,
  "Weighted-F1": 0.8357749336002397,
  "best_epoch": 0,
  "train_time_seconds": 0.003679037094116211,
  "test_time_seconds": 0.3732619285583496,
  "trainable_parameters": null,
  "train_size": 160,
  "validation_size": 160,
  "test_size": 53809,
  "pca_evr_sum": 0.9982954859733582,
  "pca_fit_scope": "full_image_unsupervised",
  "input": "center_pca_spectral_vector"
}