{
  "0": 1.036079057834365,
  "1": 1.3534844317761334,
  "2": 1.624183264320547,
  "3": 1.8287486684322358,
  "4": 1.9234957813132894,
  "5": 1.916702883460305,
  "6": 1.7969791915199973,
  "7": 1.6085389557751741,
  "8": 1.3793546986579894,
  "9": 1.154648991281336,
  "10": 0.9606818499890241,
  "11": 0.8144583400000226
}