band,mean,std
0,1.036079057834365,0.4548076879551395
1,1.3534844317761334,0.5518268466330644
2,1.624183264320547,0.6203594005119953
3,1.8287486684322358,0.6201136389085895
4,1.9234957813132894,0.5610235938224991
5,1.916702883460305,0.4498835058814773
6,1.7969791915199973,0.30180724761689404
7,1.6085389557751741,0.1918299982288858
8,1.3793546986579894,0.20852539802321954
9,1.154648991281336,0.28512645770497413
10,0.9606818499890241,0.32510554893365295
11,0.8144583400000226,0.3301226777260735
