{
  "0": 0.4548076879551395,
  "1": 0.5518268466330644,
  "2": 0.6203594005119953,
  "3": 0.6201136389085895,
  "4": 0.5610235938224991,
  "5": 0.4498835058814773,
  "6": 0.30180724761689404,
  "7": 0.1918299982288858,
  "8": 0.20852539802321954,
  "9": 0.28512645770497413,
  "10": 0.32510554893365295,
  "11": 0.3301226777260735
}