{
  "dataset": "pavia_university",
  "model": "hybridsn_small_spectral_qnn_gated_fusion_supcon",
  "model_short": "spectral_qnn_gated_supcon",
  "shot": 10,
  "seed": 3,
  "loss_mode": "supcon",
  "metric_weight": 0.2,
  "temperature": 0.2,
  "num_classes": 9,
  "pca_fit_scope": "full_image_unsupervised",
  "pca_evr_sum": 0.9996427893638611,
  "patch_size": 19,
  "pca_bands": 30,
  "best_epoch": 21,
  "train_loss": 0.16115085896518494,
  "val_loss": 0.2780480272240109,
  "test_loss": 0.5264509463267703,
  "train_time_seconds": 16.50758194923401,
  "test_time_seconds": 67.75990414619446,
  "trainable_parameters": 1455,
  "feature_path": "result/supcon_cross_dataset_pavia_salinas_20260525_183521/features/pavia_university_shot10_seed3_features.npz",
  "checkpoint": "result/supcon_cross_dataset_pavia_salinas_20260525_183521/checkpoints/pavia_university_spectral_gated_qnn_supcon_shot10_seed3.pt",
  "OA": 0.857451403887689,
  "AA": 0.9012849848090269,
  "Kappa": 0.8163500853118593,
  "Macro-F1": 0.8763719534202035,
  "Weighted-F1": 0.8584587424802869
}