{
  "dataset": "pavia_university",
  "model": "hybridsn_small_spectral_qnn_gated_fusion_supcon",
  "model_short": "spectral_qnn_gated_supcon",
  "shot": 10,
  "seed": 2,
  "loss_mode": "supcon",
  "metric_weight": 0.2,
  "temperature": 0.2,
  "num_classes": 9,
  "pca_fit_scope": "full_image_unsupervised",
  "pca_evr_sum": 0.9996427893638611,
  "patch_size": 19,
  "pca_bands": 30,
  "best_epoch": 14,
  "train_loss": 0.22965979907247755,
  "val_loss": 0.45299815469317967,
  "test_loss": 0.5849618573224156,
  "train_time_seconds": 12.809902906417847,
  "test_time_seconds": 67.60693693161011,
  "trainable_parameters": 1455,
  "feature_path": "result/supcon_cross_dataset_pavia_salinas_20260525_183521/features/pavia_university_shot10_seed2_features.npz",
  "checkpoint": "result/supcon_cross_dataset_pavia_salinas_20260525_183521/checkpoints/pavia_university_spectral_gated_qnn_supcon_shot10_seed2.pt",
  "OA": 0.8734388205465302,
  "AA": 0.9253957937868444,
  "Kappa": 0.8390692659513661,
  "Macro-F1": 0.8781536174849733,
  "Weighted-F1": 0.8858085461886022
}