{
  "dataset": "pavia_university",
  "model": "hybridsn_small_spectral_qnn_gated_fusion_supcon",
  "model_short": "spectral_qnn_gated_supcon",
  "shot": 5,
  "seed": 4,
  "loss_mode": "supcon",
  "metric_weight": 0.2,
  "temperature": 0.2,
  "num_classes": 9,
  "pca_fit_scope": "full_image_unsupervised",
  "pca_evr_sum": 0.9996427893638611,
  "patch_size": 19,
  "pca_bands": 30,
  "best_epoch": 29,
  "train_loss": 0.17115679151482052,
  "val_loss": 0.44987841579649185,
  "test_loss": 0.6799237796944292,
  "train_time_seconds": 13.24193787574768,
  "test_time_seconds": 67.65862202644348,
  "trainable_parameters": 1455,
  "feature_path": "result/supcon_cross_dataset_pavia_salinas_20260525_183521/features/pavia_university_shot5_seed4_features.npz",
  "checkpoint": "result/supcon_cross_dataset_pavia_salinas_20260525_183521/checkpoints/pavia_university_spectral_gated_qnn_supcon_shot5_seed4.pt",
  "OA": 0.8004971740812833,
  "AA": 0.8243363057306815,
  "Kappa": 0.7403713312137085,
  "Macro-F1": 0.7923710844331906,
  "Weighted-F1": 0.8029041332613505
}