{
  "dataset": "salinas",
  "model": "hybridsn_small_spectral_qnn_gated_fusion_supcon",
  "model_short": "spectral_qnn_gated_supcon",
  "shot": 10,
  "seed": 3,
  "loss_mode": "supcon",
  "metric_weight": 0.2,
  "temperature": 0.2,
  "num_classes": 16,
  "pca_fit_scope": "full_image_unsupervised",
  "pca_evr_sum": 0.9982954859733582,
  "patch_size": 19,
  "pca_bands": 30,
  "best_epoch": 16,
  "train_loss": 0.20269830524921417,
  "val_loss": 0.17127167880535127,
  "test_loss": 0.27854433222528185,
  "train_time_seconds": 28.47413206100464,
  "test_time_seconds": 96.8655297756195,
  "trainable_parameters": 2176,
  "feature_path": "result/supcon_cross_dataset_pavia_salinas_20260525_183521/features/salinas_shot10_seed3_features.npz",
  "checkpoint": "result/supcon_cross_dataset_pavia_salinas_20260525_183521/checkpoints/salinas_spectral_gated_qnn_supcon_shot10_seed3.pt",
  "OA": 0.9081752123250757,
  "AA": 0.9588265578516977,
  "Kappa": 0.8979048015150849,
  "Macro-F1": 0.9537111510004581,
  "Weighted-F1": 0.9091158928743989
}