class_id,class_name,precision,recall,f1,support,accuracy
0,Brocoli_green_weeds_1,0.9994974874371859,1.0,0.9997486805730083,1989,1.0
1,Brocoli_green_weeds_2,1.0,1.0,1.0,3706,1.0
2,Fallow,0.9898785425101214,1.0,0.9949135300101729,1956,1.0
3,Fallow_rough_plow,0.9566130160951715,0.99490538573508,0.9753835176596504,1374,0.99490538573508
4,Fallow_smooth,0.9890936442271531,0.9894657637321295,0.9892796689862704,2658,0.9894657637321295
5,Stubble,0.999746192893401,1.0,0.9998730803401447,3939,1.0
6,Celery,1.0,0.9997190221972464,0.9998594913587185,3559,0.9997190221972464
7,Grapes_untrained,0.6527135198648748,0.7899742245133766,0.7148142190767252,11251,0.7899742245133766
8,Soil_vinyard_develop,0.9934125964010283,1.0,0.9966954138792617,6183,1.0
9,Corn_senesced_green_weeds,0.9925130208333334,0.9358502148557397,0.963349131121643,3258,0.9358502148557397
10,Lettuce_romaine_4wk,0.9605504587155963,0.9990458015267175,0.9794200187090739,1048,0.9990458015267175
11,Lettuce_romaine_5wk,0.9989506820566632,0.9984268484530676,0.998688696564385,1907,0.9984268484530676
12,Lettuce_romaine_6wk,0.9740871613663133,0.9229910714285714,0.9478510028653295,896,0.9229910714285714
13,Lettuce_romaine_7wk,0.8526490066225165,0.9809523809523809,0.912311780336581,1050,0.9809523809523809
14,Vinyard_untrained,0.5133333333333333,0.33995584988962474,0.40903054448871184,7248,0.33995584988962474
15,Vinyard_vertical_trellis,1.0,0.9988808058198098,0.9994400895856663,1787,0.9988808058198098
