class_id,class_name,precision,recall,f1,support
0,Alfalfa,0.2413793103448276,0.1891891891891892,0.21212121212121213,37
1,Corn-notill,0.718381112984823,0.7460595446584939,0.7319587628865979,1142
2,Corn-mintill,0.7831325301204819,0.5873493975903614,0.6712564543889845,664
3,Corn,0.8757763975155279,0.746031746031746,0.8057142857142857,189
4,Grass-pasture,0.8863636363636364,0.7054263565891473,0.7856115107913669,387
5,Grass-trees,0.8509036144578314,0.9674657534246576,0.905448717948718,584
6,Grass-pasture-mowed,0.0,0.0,0.0,22
7,Hay-windrowed,0.929471032745592,0.9659685863874345,0.9473684210526315,382
8,Oats,0.0,0.0,0.0,16
9,Soybean-notill,0.6877234803337307,0.7416452442159382,0.7136672850958565,778
10,Soybean-mintill,0.7958891013384322,0.8473282442748091,0.8208035494207543,1965
11,Soybean-clean,0.6018957345971564,0.5347368421052632,0.5663322185061316,475
12,Wheat,0.7891891891891892,0.8902439024390244,0.836676217765043,164
13,Woods,0.8961038961038961,0.9545454545454546,0.9244019138755981,1012
14,Buildings-Grass-Trees-Drives,0.8735632183908046,0.7402597402597403,0.8014059753954306,308
15,Stone-Steel-Towers,0.9125,0.9733333333333334,0.9419354838709677,75
