shot,HybridSN-small OA,Spectral Gated QNN OA,Delta OA,HybridSN-small Macro-F1,Spectral Gated QNN Macro-F1,Delta Macro-F1,runs
5,72.01915403032721,71.68395849960096,-0.3351955307262511,63.80526208226654,64.40247691282146,0.5972148305549152,5
