{
  "dataset": "indian_pines",
  "model": "hybridsn_small_spectral_qnn_gated_fusion",
  "shot": 5,
  "seed": 1,
  "pca_fit_scope": "full_image_unsupervised",
  "pca_evr_sum": 0.9598935842514038,
  "patch_size": 19,
  "pca_bands": 30,
  "best_epoch": 11,
  "test_loss": 1.3515231808185197,
  "train_time_seconds": 13.387325763702393,
  "test_time_seconds": 25.08314299583435,
  "trainable_parameters": 2118,
  "OA": 0.7105945730247406,
  "AA": 0.8194471973411939,
  "Kappa": 0.6768376874183673,
  "Macro-F1": 0.6372626184552186,
  "Weighted-F1": 0.7152239646365638
}