dataset,model,shot,seed,OA,AA,Kappa,Macro-F1,Weighted-F1,best_epoch,train_time_seconds,test_time_seconds,trainable_parameters,train_size,validation_size,test_size
indian_pines,hybridsn_small_spectral_qnn_gated_fusion_proto_loss,10,0,0.7795315170403136,0.8684528625054657,0.7529813932362575,0.6920405667321108,0.7905388949622931,10,99.304279088974,18.069216012954712,2176,160,142,9947
indian_pines,hybridsn_small_spectral_qnn_gated_fusion_proto_loss,10,1,0.7870714788378406,0.8785390244062495,0.7608472213058952,0.7010305762136619,0.791633991087038,24,162.29355907440186,17.0942440032959,2176,160,142,9947
indian_pines,hybridsn_small_spectral_qnn_gated_fusion_proto_loss,10,2,0.8441741228511109,0.904297391706631,0.8238091347773011,0.7451638708988354,0.8547042745045902,16,128.40826988220215,17.623318910598755,2176,160,142,9947
indian_pines,hybridsn_small_spectral_qnn_gated_fusion_proto_loss,10,3,0.8075801749271136,0.8980256881581123,0.7836883037769792,0.7256577181223761,0.8133358361270459,14,115.73719024658203,17.265220880508423,2176,160,142,9947
indian_pines,hybridsn_small_spectral_qnn_gated_fusion_proto_loss,10,4,0.8258771488891123,0.8941057700966599,0.8030701264371293,0.7272275257657506,0.830428434977893,8,84.40992069244385,16.69323706626892,2176,160,142,9947
