{
  "dataset": "indian_pines",
  "model": "hybridsn_small_spectral_qnn_gated_fusion_proto_loss",
  "shot": 10,
  "seed": 4,
  "prototype_weight": 0.2,
  "prototype_temperature": 0.2,
  "pca_evr_sum": 0.9598935842514038,
  "best_epoch": 8,
  "test_loss": 0.8244316093500048,
  "train_time_seconds": 84.40992069244385,
  "test_time_seconds": 16.69323706626892,
  "trainable_parameters": 2176,
  "OA": 0.8258771488891123,
  "AA": 0.8941057700966599,
  "Kappa": 0.8030701264371293,
  "Macro-F1": 0.7272275257657506,
  "Weighted-F1": 0.830428434977893
}