{
  "dataset_id": "indian_pines",
  "model": "knn",
  "OA": 0.6070731707317073,
  "AA": 0.4774039934918158,
  "Kappa": 0.5448107636255828,
  "Macro-F1": 0.4793084211551734,
  "Weighted-F1": 0.5804989546219202
}