{
  "dataset": "salinas",
  "model": "hybridsn_small_spectral_qnn_gated_fusion_supcon",
  "model_short": "spectral_qnn_gated_supcon",
  "shot": 5,
  "seed": 2,
  "loss_mode": "supcon",
  "metric_weight": 0.2,
  "temperature": 0.2,
  "num_classes": 16,
  "pca_fit_scope": "full_image_unsupervised",
  "pca_evr_sum": 0.9982954859733582,
  "patch_size": 19,
  "pca_bands": 30,
  "best_epoch": 20,
  "train_loss": 0.2193604052066803,
  "val_loss": 0.24533039927482606,
  "test_loss": 0.34339442423324873,
  "train_time_seconds": 20.81049919128418,
  "test_time_seconds": 96.82206797599792,
  "trainable_parameters": 2176,
  "feature_path": "result/supcon_cross_dataset_pavia_salinas_20260525_183521/features/salinas_shot5_seed2_features.npz",
  "checkpoint": "result/supcon_cross_dataset_pavia_salinas_20260525_183521/checkpoints/salinas_spectral_gated_qnn_supcon_shot5_seed2.pt",
  "OA": 0.883315704503702,
  "AA": 0.9445190170597011,
  "Kappa": 0.87007875156479,
  "Macro-F1": 0.9362278018284143,
  "Weighted-F1": 0.883231272171806
}