{
  "dataset": "salinas",
  "model": "hybridsn_small_spectral_qnn_gated_fusion_supcon",
  "model_short": "spectral_qnn_gated_supcon",
  "shot": 10,
  "seed": 2,
  "loss_mode": "supcon",
  "metric_weight": 0.2,
  "temperature": 0.2,
  "num_classes": 16,
  "pca_fit_scope": "full_image_unsupervised",
  "pca_evr_sum": 0.9982954859733582,
  "patch_size": 19,
  "pca_bands": 30,
  "best_epoch": 12,
  "train_loss": 0.18936995416879654,
  "val_loss": 0.16828455105423928,
  "test_loss": 0.2739757900887049,
  "train_time_seconds": 24.143910884857178,
  "test_time_seconds": 96.16688179969788,
  "trainable_parameters": 2176,
  "feature_path": "result/supcon_cross_dataset_pavia_salinas_20260525_183521/features/salinas_shot10_seed2_features.npz",
  "checkpoint": "result/supcon_cross_dataset_pavia_salinas_20260525_183521/checkpoints/salinas_spectral_gated_qnn_supcon_shot10_seed2.pt",
  "OA": 0.9257001616829899,
  "AA": 0.9658116945285589,
  "Kappa": 0.9172495514701937,
  "Macro-F1": 0.9614971704434249,
  "Weighted-F1": 0.9253621865144327
}